"","X","AutoResp.Cycle.Loop","Chamber","MO2.no.Background.Correction","NA.","Hour","MO2","Treatment","Genotype","Time.of.Day","Day.of.Exp","Trial"
"1",1,13,1,0.00126913788861341,1,1,0.016918724,"High Temp High NTU",67,"day",1,10
"2",2,14,1,-0.00782483379400251,1,2,0.00789812,"High Temp High NTU",67,"day",1,10
"3",3,15,1,-0.00507960375345829,1,3,0.010630195,"High Temp High NTU",67,"day",1,10
"4",4,16,1,0.00214255943867811,1,4,0.017780425,"High Temp High NTU",67,"day",1,10
"5",5,17,1,-0.0100423053771225,1,5,0.005713934,"High Temp High NTU",67,"day",1,10
"6",6,18,1,-0.0112500723126332,1,6,0.004514395,"High Temp High NTU",67,"day",1,10
"7",7,19,1,-0.0119813379645777,1,7,0.003791783,"High Temp High NTU",67,"day",1,10
"8",8,20,1,-0.00447121068421663,1,8,0.011237946,"High Temp High NTU",67,"day",1,10
"9",9,21,1,-0.015864972433361,1,9,-5.29e-05,"High Temp High NTU",67,"day",1,10
"10",10,22,1,-0.011007844412093,1,10,0.004760941,"High Temp High NTU",67,"day",1,10
"11",11,23,1,-0.00416088784067519,1,11,0.011539188,"High Temp High NTU",67,"day",1,10
"12",12,24,1,-0.00813268778274811,1,12,0.007603645,"High Temp High NTU",67,"day",1,10
"13",13,25,1,-0.0403038940413216,1,13,-0.024279489,"High Temp High NTU",67,"night",1,10
"14",14,26,1,-0.026888588734406,1,14,-0.010978301,"High Temp High NTU",67,"night",1,10
"15",15,27,1,-0.0287187096867578,1,15,-0.01278985,"High Temp High NTU",67,"night",1,10
"16",16,28,1,-0.028050452400259,1,16,-0.012126777,"High Temp High NTU",67,"night",1,10
"17",17,29,1,-0.029429835581655,1,17,-0.013493801,"High Temp High NTU",67,"night",1,10
"18",18,30,1,-0.029400026823344,1,18,-0.013464001,"High Temp High NTU",67,"night",1,10
"19",19,31,1,-0.0307747645533468,1,19,-0.014827233,"High Temp High NTU",67,"night",1,10
"20",20,32,1,-0.0295201480763195,1,20,-0.013582897,"High Temp High NTU",67,"night",1,10
"21",21,33,1,-0.0278090012550609,1,21,-0.011885664,"High Temp High NTU",67,"night",1,10
"22",22,34,1,-0.0291176561490285,1,22,-0.013184812,"High Temp High NTU",67,"night",1,10
"23",23,35,1,-0.0291308058518877,1,23,-0.013197929,"High Temp High NTU",67,"night",1,10
"24",24,36,1,-0.0283247677037491,1,24,-0.012398316,"High Temp High NTU",67,"night",1,10
"25",25,37,1,-0.00934216435545818,1,25,0.006411387,"High Temp High NTU",67,"day ",2,10
"26",26,38,1,-0.0141851751222742,1,26,0.001610713,"High Temp High NTU",67,"day",2,10
"27",27,39,1,-0.012596866552115,1,27,0.003185866,"High Temp High NTU",67,"day ",2,10
"28",28,40,1,-0.0151968856552325,1,28,0.000604057,"High Temp High NTU",67,"day",2,10
"29",29,41,1,-0.0128463424785224,1,29,0.002937925,"High Temp High NTU",67,"day ",2,10
"30",30,42,1,-0.0147641469542766,1,30,0.001034474,"High Temp High NTU",67,"day",2,10
"31",31,43,1,-0.0162713675235591,1,31,-0.000461414,"High Temp High NTU",67,"day ",2,10
"32",32,45,1,-0.0163685542060683,1,33,-0.000552154,"High Temp High NTU",67,"day ",2,10
"33",33,46,1,-0.00691962068337908,1,34,0.008809204,"High Temp High NTU",67,"day",2,10
"34",34,47,1,-0.00920516187219053,1,35,0.006544597,"High Temp High NTU",67,"day ",2,10
"35",35,48,1,-0.0106600576065992,1,36,0.005104364,"High Temp High NTU",67,"day",2,10
"36",36,49,1,-0.0212353164236126,1,37,-0.005360173,"High Temp High NTU",67,"night ",2,10
"37",37,50,1,-0.0140314390594045,1,38,0.001766339,"High Temp High NTU",67,"night ",2,10
"38",38,51,1,-0.0153057456464072,1,39,0.000505383,"High Temp High NTU",67,"night ",2,10
"39",39,52,1,-0.0175131830238616,1,40,-0.001682503,"High Temp High NTU",67,"night ",2,10
"40",40,53,1,-0.0171341085411492,1,41,-0.001305902,"High Temp High NTU",67,"night ",2,10
"41",41,54,1,-0.0193193996224867,1,42,-0.003474766,"High Temp High NTU",67,"night ",2,10
"42",42,55,1,-0.0172871041414417,1,43,-0.001456697,"High Temp High NTU",67,"night ",2,10
"43",43,56,1,-0.0179614926961203,1,44,-0.002125994,"High Temp High NTU",67,"night ",2,10
"44",44,57,1,-0.0446912888837922,1,45,-0.028642111,"High Temp High NTU",67,"night ",2,10
"45",45,58,1,-0.0408729981860778,1,46,-0.024836087,"High Temp High NTU",67,"night ",2,10
"46",46,59,1,-0.0393057160435397,1,47,-0.023280799,"High Temp High NTU",67,"night ",2,10
"47",47,60,1,-0.0428143824545443,1,48,-0.026770043,"High Temp High NTU",67,"night ",2,10
"48",48,61,1,-0.033793398385425,1,49,-0.01782094,"High Temp High NTU",67,"day ",3,10
"49",49,62,1,-0.0334534835708534,1,50,-0.017488193,"High Temp High NTU",67,"day",3,10
"50",50,63,1,-0.0286871974226947,1,51,-0.01276368,"High Temp High NTU",67,"day ",3,10
"51",51,64,1,-0.0341798788238878,1,52,-0.01820988,"High Temp High NTU",67,"day",3,10
"52",52,65,1,-0.0341475409106901,1,53,-0.018178745,"High Temp High NTU",67,"day ",3,10
"53",53,66,1,-0.0269342247450429,1,54,-0.011029335,"High Temp High NTU",67,"day",3,10
"54",54,67,1,-0.0352552581829914,1,55,-0.019279421,"High Temp High NTU",67,"day ",3,10
"55",55,68,1,-0.0329722723429752,1,56,-0.01701565,"High Temp High NTU",67,"day",3,10
"56",56,69,1,-0.0438936418483703,1,57,-0.02784537,"High Temp High NTU",67,"day ",3,10
"57",57,70,1,-0.0386028279526036,1,58,-0.022596344,"High Temp High NTU",67,"day",3,10
"58",58,71,1,-0.0387010742486014,1,59,-0.022694867,"High Temp High NTU",67,"day ",3,10
"59",59,72,1,-0.0383688729540586,1,60,-0.022363075,"High Temp High NTU",67,"day",3,10
"60",60,73,1,-0.0404916525877849,1,61,-0.0244515,"High Temp High NTU",67,"night",3,10
"61",61,74,1,-0.037094957404694,1,62,-0.021087108,"High Temp High NTU",67,"night",3,10
"62",62,75,1,-0.0392908029856795,1,63,-0.023263544,"High Temp High NTU",67,"night",3,10
"63",63,76,1,-0.0376040521385908,1,64,-0.021593542,"High Temp High NTU",67,"night",3,10
"64",64,77,1,-0.0398762839589189,1,65,-0.023845672,"High Temp High NTU",67,"night",3,10
"65",65,78,1,-0.0375470474530943,1,66,-0.021537571,"High Temp High NTU",67,"night",3,10
"66",66,79,1,-0.0373349513390171,1,67,-0.021327074,"High Temp High NTU",67,"night",3,10
"67",1,13,2,-0.0127336874020947,NA,1,0.014774138,"High Temp",67,"day",1,10
"68",2,14,2,-0.0266846878270159,NA,2,0.000925502,"High Temp",67,"day",1,10
"69",3,15,2,-0.0187943014438438,NA,3,0.008772868,"High Temp",67,"day",1,10
"70",4,16,2,-0.007421250097407,NA,4,0.020029334,"High Temp",67,"day",1,10
"71",5,17,2,-0.0203088347064906,NA,5,0.007259366,"High Temp",67,"day",1,10
"72",6,18,2,-0.0242066906323039,NA,6,0.003395614,"High Temp",67,"day",1,10
"73",7,19,2,-0.024959428983744,NA,7,0.002652715,"High Temp",67,"day",1,10
"74",8,20,2,-0.021897596910409,NA,8,0.005673201,"High Temp",67,"day",1,10
"75",9,21,2,-0.0158736328393173,NA,9,0.011656054,"High Temp",67,"day",1,10
"76",10,22,2,-0.012115916275793,NA,10,0.015384341,"High Temp",67,"day",1,10
"77",11,23,2,-0.012125404787696,NA,11,0.015370149,"High Temp",67,"day",1,10
"78",12,24,2,-0.0116079091356083,NA,12,0.015885878,"High Temp",67,"day",1,10
"79",13,25,2,-0.0340389006597727,NA,13,-0.006333506,"High Temp",67,"night",1,10
"80",14,26,2,-0.0279375447838859,NA,14,-0.000285432,"High Temp",67,"night",1,10
"81",15,27,2,-0.0284342255899491,NA,15,-0.000777343,"High Temp",67,"night",1,10
"82",16,28,2,-0.0293088531882181,NA,16,-0.001644709,"High Temp",67,"night",1,10
"83",17,29,2,-0.030314915774353,NA,17,-0.002644321,"High Temp",67,"night",1,10
"84",18,30,2,-0.0306044809585549,NA,18,-0.002929817,"High Temp",67,"night",1,10
"85",19,31,2,-0.0341328847444219,NA,19,-0.006435206,"High Temp",67,"night",1,10
"86",20,32,2,-0.0302495412619021,NA,20,-0.002576914,"High Temp",67,"night",1,10
"87",21,33,2,-0.0302303713503455,NA,21,-0.002561859,"High Temp",67,"night",1,10
"88",22,34,2,-0.0301493083063789,NA,22,-0.002479223,"High Temp",67,"night",1,10
"89",23,35,2,-0.0294788530611289,NA,23,-0.001817679,"High Temp",67,"night",1,10
"90",24,36,2,-0.0297041753357742,NA,24,-0.002047237,"High Temp",67,"night",1,10
"91",25,37,2,-0.0409664751690223,NA,25,-0.01323369,"High Temp",67,"day ",2,10
"92",26,38,2,-0.0474877129085487,NA,26,-0.01969183,"High Temp",67,"day",2,10
"93",27,39,2,-0.0383777657938597,NA,27,-0.010663128,"High Temp",67,"day ",2,10
"94",28,40,2,-0.0293977700754637,NA,28,-0.001762829,"High Temp",67,"day",2,10
"95",29,41,2,-0.032505220770551,NA,29,-0.004838096,"High Temp",67,"day ",2,10
"96",30,42,2,-0.0354954908196334,NA,30,-0.007803494,"High Temp",67,"day",2,10
"97",31,43,2,-0.0336693038540135,NA,31,-0.005990766,"High Temp",67,"day ",2,10
"98",32,44,2,0.000857583109917093,NA,32,0.028265741,"High Temp",67,"day",2,10
"99",33,45,2,-0.0187883695948444,NA,33,0.008763224,"High Temp",67,"day ",2,10
"100",34,46,2,-0.018742473677284,NA,34,0.008816049,"High Temp",67,"day",2,10
"101",35,47,2,-0.0211159215417206,NA,35,0.006463503,"High Temp",67,"day ",2,10
"102",36,48,2,-0.0221332947288818,NA,36,0.005455618,"High Temp",67,"day",2,10
"103",37,49,2,-0.0631991091742695,NA,37,-0.035236608,"High Temp",67,"night ",2,10
"104",38,50,2,-0.0558903261661189,NA,38,-0.027987367,"High Temp",67,"night ",2,10
"105",39,51,2,-0.0544631554788804,NA,39,-0.026564934,"High Temp",67,"night ",2,10
"106",40,52,2,-0.0556613237631031,NA,40,-0.027758992,"High Temp",67,"night ",2,10
"107",41,53,2,-0.0564543383277192,NA,41,-0.028548335,"High Temp",67,"night ",2,10
"108",42,54,2,-0.0528869808526849,NA,42,-0.025008307,"High Temp",67,"night ",2,10
"109",43,55,2,-0.0541538740513797,NA,43,-0.026259513,"High Temp",67,"night ",2,10
"110",44,56,2,-0.0554077863842964,NA,44,-0.027508317,"High Temp",67,"night ",2,10
"111",45,57,2,-0.0723087170047534,NA,45,-0.044260081,"High Temp",67,"night ",2,10
"112",46,58,2,-0.0617747314654786,NA,46,-0.033824477,"High Temp",67,"night ",2,10
"113",47,59,2,-0.0613216598502096,NA,47,-0.033373394,"High Temp",67,"night ",2,10
"114",48,60,2,-0.0656439034802177,NA,48,-0.037679065,"High Temp",67,"night ",2,10
"115",49,61,2,-0.0183573395350567,NA,49,0.009210684,"High Temp",67,"day ",3,10
"116",50,62,2,-0.0212264469309938,NA,50,0.006358247,"High Temp",67,"day",3,10
"117",51,63,2,-0.0105255721877864,NA,51,0.016966155,"High Temp",67,"day ",3,10
"118",52,64,2,-0.0203431940564405,NA,52,0.00722726,"High Temp",67,"day",3,10
"119",53,65,2,-0.024635284500917,NA,53,0.002975932,"High Temp",67,"day ",3,10
"120",54,66,2,-0.00479112822557816,NA,54,0.022654235,"High Temp",67,"day",3,10
"121",55,67,2,-0.0162168926398594,NA,55,0.011316177,"High Temp",67,"day ",3,10
"122",56,68,2,-0.0144948329642281,NA,56,0.013023465,"High Temp",67,"day",3,10
"123",57,69,2,-0.0159258590858541,NA,57,0.011604363,"High Temp",67,"day ",3,10
"124",58,70,2,-0.0144125238590975,NA,58,0.013106905,"High Temp",67,"day",3,10
"125",59,71,2,-0.0136294977648265,NA,59,0.013880595,"High Temp",67,"day ",3,10
"126",60,72,2,-0.0144407333780096,NA,60,0.013080957,"High Temp",67,"day",3,10
"127",61,73,2,-0.0368653827340438,NA,61,-0.009124032,"High Temp",67,"night",3,10
"128",62,74,2,-0.0292494816776907,NA,62,-0.001576965,"High Temp",67,"night",3,10
"129",63,75,2,-0.0314077206192728,NA,63,-0.003716594,"High Temp",67,"night",3,10
"130",64,76,2,-0.0314480597254979,NA,64,-0.003760115,"High Temp",67,"night",3,10
"131",65,77,2,-0.0302947866159631,NA,65,-0.002614223,"High Temp",67,"night",3,10
"132",66,78,2,-0.0296103850041961,NA,66,-0.001937044,"High Temp",67,"night",3,10
"133",67,79,2,-0.0282060762747049,NA,67,-0.000546003,"High Temp",67,"night",3,10
"134",1,13,3,-0.023873641776399,3,1,0.029572972,"High Temp High NTU",80,"day",1,10
"135",2,14,3,-0.0496916518563634,3,2,0.019390897,"High Temp High NTU",80,"day",1,10
"136",3,15,3,-0.0481921773898243,3,3,0.025160597,"High Temp High NTU",80,"day",1,10
"137",4,16,3,-0.0436039225196615,3,4,0.033436804,"High Temp High NTU",80,"day",1,10
"138",5,17,3,-0.0488728444196801,3,5,0.024047809,"High Temp High NTU",80,"day",1,10
"139",6,18,3,-0.0400522974215782,3,6,0.021207023,"High Temp High NTU",80,"day",1,10
"140",7,19,3,-0.0424748959995459,3,7,0.020660814,"High Temp High NTU",80,"day",1,10
"141",8,20,3,-0.0454119247316317,3,8,0.022881597,"High Temp High NTU",80,"day",1,10
"142",9,21,3,-0.0389301573128804,3,9,0.027280432,"High Temp High NTU",80,"day",1,10
"143",10,22,3,-0.0424494457182051,3,10,0.030021618,"High Temp High NTU",80,"day",1,10
"144",11,23,3,-0.0246202241425587,3,11,0.030011183,"High Temp High NTU",80,"day",1,10
"145",12,24,3,-0.0309059308345162,3,12,0.030390368,"High Temp High NTU",80,"day",1,10
"146",13,25,3,-0.0215320449016949,3,13,0.014053783,"High Temp High NTU",80,"night",1,10
"147",14,26,3,-0.0261636455342479,3,14,0.01850057,"High Temp High NTU",80,"night",1,10
"148",15,27,3,-0.0388648006025876,3,15,0.018138897,"High Temp High NTU",80,"night",1,10
"149",16,28,3,-0.0341807404544279,3,16,0.017501175,"High Temp High NTU",80,"night",1,10
"150",17,29,3,-0.0345404135599297,3,17,0.01676622,"High Temp High NTU",80,"night",1,10
"151",18,30,3,-0.0343548758599977,3,18,0.016556312,"High Temp High NTU",80,"night",1,10
"152",19,31,3,-0.0406745605925726,3,19,0.013979008,"High Temp High NTU",80,"night",1,10
"153",20,32,3,-0.0373048372195032,3,20,0.01681578,"High Temp High NTU",80,"night",1,10
"154",21,33,3,-0.0342380002174048,3,21,0.016826849,"High Temp High NTU",80,"night",1,10
"155",22,34,3,-0.0349207606026673,3,22,0.016887607,"High Temp High NTU",80,"night",1,10
"156",23,35,3,-0.0360988969203608,3,23,0.017374,"High Temp High NTU",80,"night",1,10
"157",24,36,3,-0.0310179788035796,3,24,0.01720522,"High Temp High NTU",80,"night",1,10
"158",25,37,3,-0.050827145825667,3,25,0.00898049,"High Temp High NTU",80,"day ",2,10
"159",26,38,3,-0.0662116499468127,3,26,0.004232205,"High Temp High NTU",80,"day",2,10
"160",27,39,3,-0.056348892943289,3,27,0.01087047,"High Temp High NTU",80,"day ",2,10
"161",28,40,3,-0.0605848620106948,3,28,0.017414328,"High Temp High NTU",80,"day",2,10
"162",29,41,3,-0.0691031397263908,3,29,0.015153268,"High Temp High NTU",80,"day ",2,10
"163",30,42,3,-0.0152628072393982,3,30,0.012972988,"High Temp High NTU",80,"day",2,10
"164",31,43,3,-0.0141652522069981,3,31,0.014305779,"High Temp High NTU",80,"day ",2,10
"165",32,45,3,-0.0312050031352279,3,33,0.025153506,"High Temp High NTU",80,"day ",2,10
"166",33,46,3,-0.0424110716312337,3,34,0.025192345,"High Temp High NTU",80,"day",2,10
"167",34,47,3,-0.0469818499243473,3,35,0.023462659,"High Temp High NTU",80,"day ",2,10
"168",35,48,3,-0.0512582924317835,3,36,0.022721621,"High Temp High NTU",80,"day",2,10
"169",36,49,3,-0.0632803564262452,3,37,-0.007196942,"High Temp High NTU",80,"night ",2,10
"170",37,50,3,-0.0299491951215679,3,38,-0.001867008,"High Temp High NTU",80,"night ",2,10
"171",38,51,3,-0.0307781714324681,3,39,-0.000821178,"High Temp High NTU",80,"night ",2,10
"172",39,52,3,-0.0341073804591873,3,40,-0.001699098,"High Temp High NTU",80,"night ",2,10
"173",40,53,3,-0.0336601068642909,3,41,-0.002279454,"High Temp High NTU",80,"night ",2,10
"174",41,54,3,-0.034446707664107,3,42,0.000323317,"High Temp High NTU",80,"night ",2,10
"175",42,55,3,-0.0345448791033542,3,43,-0.00059662,"High Temp High NTU",80,"night ",2,10
"176",43,56,3,-0.0351979310778135,3,44,-0.001514791,"High Temp High NTU",80,"night ",2,10
"177",44,57,3,-0.0636458588714714,3,45,-0.013831363,"High Temp High NTU",80,"night ",2,10
"178",45,58,3,-0.0667837726556758,3,46,-0.006158686,"High Temp High NTU",80,"night ",2,10
"179",46,59,3,-0.0656305378632356,3,47,-0.005827032,"High Temp High NTU",80,"night ",2,10
"180",47,60,3,-0.0651604645709039,3,48,-0.008992735,"High Temp High NTU",80,"night ",2,10
"181",48,61,3,-0.0304120205129033,3,49,0.025482497,"High Temp High NTU",80,"day ",3,10
"182",49,62,3,-0.0322249318034333,3,50,0.023385271,"High Temp High NTU",80,"day",3,10
"183",50,63,3,-0.0270794761508751,3,51,0.031184632,"High Temp High NTU",80,"day ",3,10
"184",51,64,3,-0.0307806479388783,3,52,0.024024204,"High Temp High NTU",80,"day",3,10
"185",52,65,3,-0.0310756207858862,3,53,0.020898456,"High Temp High NTU",80,"day ",3,10
"186",53,66,3,-0.0622161640054417,3,54,0.035366737,"High Temp High NTU",80,"day",3,10
"187",54,67,3,-0.0777268330556331,3,55,0.02703054,"High Temp High NTU",80,"day ",3,10
"188",55,68,3,-0.075508055322447,3,56,0.028285807,"High Temp High NTU",80,"day",3,10
"189",56,69,3,-0.0712178067139389,3,57,0.027242426,"High Temp High NTU",80,"day ",3,10
"190",57,70,3,-0.0436149385186198,3,58,0.028347156,"High Temp High NTU",80,"day",3,10
"191",58,71,3,-0.0448276111535636,3,59,0.028916003,"High Temp High NTU",80,"day ",3,10
"192",59,72,3,-0.0421527443535737,3,60,0.028328078,"High Temp High NTU",80,"day",3,10
"193",60,73,3,-0.065808532729066,3,61,0.012002075,"High Temp High NTU",80,"night",3,10
"194",61,74,3,-0.0619597967373226,3,62,0.017550983,"High Temp High NTU",80,"night",3,10
"195",62,75,3,-0.0709172345342683,3,63,0.015977842,"High Temp High NTU",80,"night",3,10
"196",63,76,3,-0.0698192721564506,3,64,0.015945843,"High Temp High NTU",80,"night",3,10
"197",64,77,3,-0.06752305020137,3,65,0.016788349,"High Temp High NTU",80,"night",3,10
"198",65,78,3,-0.0671761527361902,3,66,0.017286238,"High Temp High NTU",80,"night",3,10
"199",66,79,3,-0.0695567348178937,3,67,0.018308988,"High Temp High NTU",80,"night",3,10
"200",1,13,4,-0.00473159311443719,4,1,0.024247426,"High Temp",80,"day",1,10
"201",2,14,4,-0.0152985906729715,4,2,0.013775039,"High Temp",80,"day",1,10
"202",3,15,4,-0.0117254206714392,4,3,0.017335614,"High Temp",80,"day",1,10
"203",4,16,4,-0.00523466610566579,4,4,0.023744893,"High Temp",80,"day",1,10
"204",5,17,4,-0.00942408718644733,4,5,0.019598589,"High Temp",80,"day",1,10
"205",6,18,4,-0.0126251964379195,4,6,0.016439729,"High Temp",80,"day",1,10
"206",7,19,4,-0.0147669730006039,4,7,0.014315485,"High Temp",80,"day",1,10
"207",8,20,4,-0.0142059662268272,4,8,0.014871108,"High Temp",80,"day",1,10
"208",9,21,4,-0.0108937830985939,4,9,0.018151012,"High Temp",80,"day",1,10
"209",10,22,4,-0.0103874070155824,4,10,0.018646256,"High Temp",80,"day",1,10
"210",11,23,4,-0.009590986520934,4,11,0.019435476,"High Temp",80,"day",1,10
"211",12,24,4,-0.0113098289611158,4,12,0.017733652,"High Temp",80,"day",1,10
"212",13,25,4,-0.0237643751891555,4,13,0.005421493,"High Temp",80,"night",1,10
"213",14,26,4,-0.0239735312706669,4,14,0.005208036,"High Temp",80,"night",1,10
"214",15,27,4,-0.0237708967720987,4,15,0.005408201,"High Temp",80,"night",1,10
"215",16,28,4,-0.0220587215250705,4,16,0.007108521,"High Temp",80,"night",1,10
"216",17,29,4,-0.0234408672169651,4,17,0.005734386,"High Temp",80,"night",1,10
"217",18,30,4,-0.025107056301488,4,18,0.004089525,"High Temp",80,"night",1,10
"218",19,31,4,-0.0238264608203448,4,19,0.005356613,"High Temp",80,"night",1,10
"219",20,32,4,-0.0236734077629244,4,20,0.005506031,"High Temp",80,"night",1,10
"220",21,33,4,-0.0266613277332719,4,21,0.002550502,"High Temp",80,"night",1,10
"221",22,34,4,-0.0255092779663674,4,22,0.003691095,"High Temp",80,"night",1,10
"222",23,35,4,-0.0250406829997446,4,23,0.004149735,"High Temp",80,"night",1,10
"223",24,36,4,-0.0254750144665382,4,24,0.003725786,"High Temp",80,"night",1,10
"224",25,37,4,-0.0106830740232342,4,25,0.018356974,"High Temp",80,"day ",2,10
"225",26,38,4,-0.0185294556037693,4,26,0.010588115,"High Temp",80,"day",2,10
"226",27,39,4,-0.0173975710171765,4,27,0.011707976,"High Temp",80,"day ",2,10
"227",28,40,4,-0.0157007188658101,4,28,0.013390373,"High Temp",80,"day",2,10
"228",29,41,4,-0.0161481189232821,4,29,0.012948312,"High Temp",80,"day ",2,10
"229",30,42,4,-0.0187094384963557,4,30,0.010412041,"High Temp",80,"day",2,10
"230",31,43,4,-0.0180286819950075,4,31,0.01108503,"High Temp",80,"day ",2,10
"231",32,44,4,-0.0159539047142418,4,32,0.013139177,"High Temp",80,"day",2,10
"232",33,45,4,-0.011802316194164,4,33,0.017249206,"High Temp",80,"day ",2,10
"233",34,46,4,-0.00960589454324435,4,34,0.01942261,"High Temp",80,"day",2,10
"234",35,47,4,-0.0103032895139015,4,35,0.01873247,"High Temp",80,"day ",2,10
"235",36,48,4,-0.0101389429672605,4,36,0.018898799,"High Temp",80,"day",2,10
"236",37,49,4,-0.0285197843699849,4,37,0.000714961,"High Temp",80,"night ",2,10
"237",38,50,4,-0.024949041692634,4,38,0.004250857,"High Temp",80,"night ",2,10
"238",39,51,4,-0.0249473596419486,4,39,0.00425266,"High Temp",80,"night ",2,10
"239",40,52,4,-0.0257958196793052,4,40,0.003410991,"High Temp",80,"night ",2,10
"240",41,53,4,-0.0252960141950635,4,41,0.003906611,"High Temp",80,"night ",2,10
"241",42,54,4,-0.0253133775682986,4,42,0.003892957,"High Temp",80,"night ",2,10
"242",43,55,4,-0.0241345612201537,4,43,0.005056137,"High Temp",80,"night ",2,10
"243",44,56,4,-0.0234531194388968,4,44,0.005733904,"High Temp",80,"night ",2,10
"244",45,57,4,-0.0286023768797813,4,45,0.000632689,"High Temp",80,"night ",2,10
"245",46,58,4,-0.0291330237017738,4,46,0.000109566,"High Temp",80,"night ",2,10
"246",47,59,4,-0.0299171584712565,4,47,-0.000666791,"High Temp",80,"night ",2,10
"247",48,60,4,-0.0278281382272024,4,48,0.001405973,"High Temp",80,"night ",2,10
"248",49,61,4,-0.0088285241560303,4,49,0.020199203,"High Temp",80,"day ",3,10
"249",50,62,4,-0.0111722048120864,4,50,0.017878721,"High Temp",80,"day",3,10
"250",51,63,4,-0.0064442092313166,4,51,0.022555545,"High Temp",80,"day ",3,10
"251",52,64,4,-0.00955183923087612,4,52,0.019477256,"High Temp",80,"day",3,10
"252",53,65,4,-0.00936118382358404,4,53,0.019665055,"High Temp",80,"day ",3,10
"253",54,67,4,-0.0133423433740739,4,55,0.015722715,"High Temp",80,"day ",3,10
"254",55,68,4,-0.0131677981654212,4,56,0.015897712,"High Temp",80,"day",3,10
"255",56,69,4,-0.0170488901223917,4,57,0.01205486,"High Temp",80,"day ",3,10
"256",57,70,4,-0.00989909061303722,4,58,0.019138435,"High Temp",80,"day",3,10
"257",58,71,4,-0.0133709059962936,4,59,0.015699732,"High Temp",80,"day ",3,10
"258",59,72,4,-0.010845816156492,4,60,0.01819935,"High Temp",80,"day",3,10
"259",60,73,4,-0.0282931848742278,4,61,0.000943254,"High Temp",80,"night",3,10
"260",61,74,4,-0.0248197844063775,4,62,0.004381613,"High Temp",80,"night",3,10
"261",62,75,4,-0.024866174986621,4,63,0.004334248,"High Temp",80,"night",3,10
"262",63,76,4,-0.0249831252860435,4,64,0.004216943,"High Temp",80,"night",3,10
"263",64,77,4,-0.0239090825959099,4,65,0.005281191,"High Temp",80,"night",3,10
"264",65,78,4,-0.023682095756179,4,66,0.005506706,"High Temp",80,"night",3,10
"265",66,79,4,-0.0255814209116037,4,67,0.003624557,"High Temp",80,"night",3,10
"266",1,13,5,-0.00582116044640193,5,1,0.007450175,"High NTU",67,"day",1,10
"267",2,14,5,-0.0033766621224564,5,2,0.009984442,"High NTU",67,"day",1,10
"268",3,15,5,-0.0102127433537027,5,3,0.002868381,"High NTU",67,"day",1,10
"269",4,16,5,-0.00581101752383294,5,4,0.007449328,"High NTU",67,"day",1,10
"270",5,17,5,-0.00763804352933585,5,5,0.005552745,"High NTU",67,"day",1,10
"271",6,18,5,-0.00068594576350982,5,6,0.012785644,"High NTU",67,"day",1,10
"272",7,19,5,-0.00429580251680853,5,7,0.009026449,"High NTU",67,"day",1,10
"273",8,20,5,-0.00590827414078552,5,8,0.007357081,"High NTU",67,"day",1,10
"274",9,21,5,-0.00543728327312562,5,9,0.007847243,"High NTU",67,"day",1,10
"275",10,22,5,-0.0080983380241512,5,10,0.00507452,"High NTU",67,"day",1,10
"276",11,23,5,0.00269526355429442,5,11,0.016300916,"High NTU",67,"day",1,10
"277",12,24,5,-0.0134650017136862,5,12,-0.000518579,"High NTU",67,"day",1,10
"278",13,25,5,-0.0199657403520653,5,13,-0.007264213,"High NTU",67,"night",1,10
"279",14,26,5,-0.0224461749165009,5,14,-0.009848938,"High NTU",67,"night",1,10
"280",15,27,5,-0.0197193603126781,5,15,-0.007009714,"High NTU",67,"night",1,10
"281",16,28,5,-0.0188473010185212,5,16,-0.006106725,"High NTU",67,"night",1,10
"282",17,29,5,-0.0212505596690481,5,17,-0.008601415,"High NTU",67,"night",1,10
"283",18,30,5,-0.0222812117637592,5,18,-0.009679864,"High NTU",67,"night",1,10
"284",19,31,5,-0.0189472249586699,5,19,-0.00620511,"High NTU",67,"night",1,10
"285",20,32,5,-0.0208403913657006,5,20,-0.008179359,"High NTU",67,"night",1,10
"286",21,33,5,-0.0210639008797835,5,21,-0.008407357,"High NTU",67,"night",1,10
"287",22,34,5,-0.0185498913758498,5,22,-0.005795133,"High NTU",67,"night",1,10
"288",23,35,5,-0.0246861258050232,5,23,-0.012180686,"High NTU",67,"night",1,10
"289",24,36,5,-0.016458610112102,5,24,-0.003617709,"High NTU",67,"night",1,10
"290",25,37,5,-0.0160933246895349,5,25,-0.003243046,"High NTU",67,"day ",2,10
"291",26,38,5,-0.00943097351087262,5,26,0.003686796,"High NTU",67,"day",2,10
"292",27,39,5,-0.0132378947602973,5,27,-0.000276779,"High NTU",67,"day ",2,10
"293",28,40,5,-0.00384396471612512,5,28,0.009504204,"High NTU",67,"day",2,10
"294",29,41,5,-0.00292807756125277,5,29,0.010452498,"High NTU",67,"day ",2,10
"295",30,42,5,-0.0185180755880557,5,30,-0.005774872,"High NTU",67,"day",2,10
"296",31,43,5,-0.0107556440031825,5,31,0.002301917,"High NTU",67,"day ",2,10
"297",32,44,5,-0.0142273951354174,5,32,-0.001313678,"High NTU",67,"day",2,10
"298",33,45,5,-0.00436851245049552,5,33,0.008952534,"High NTU",67,"day ",2,10
"299",34,46,5,-0.0133275834651872,5,34,-0.00037726,"High NTU",67,"day",2,10
"300",35,47,5,-0.0142983242733944,5,35,-0.001383769,"High NTU",67,"day ",2,10
"301",36,48,5,-0.0169777159069325,5,36,-0.004167535,"High NTU",67,"day",2,10
"302",37,49,5,-0.0173506470748125,5,37,-0.004540859,"High NTU",67,"night ",2,10
"303",38,50,5,-0.00921201575140793,5,38,0.00392218,"High NTU",67,"night ",2,10
"304",39,51,5,-0.0103064793876137,5,39,0.002782286,"High NTU",67,"night ",2,10
"305",40,52,5,-0.0115477536689203,5,40,0.001487057,"High NTU",67,"night ",2,10
"306",41,53,5,-0.00900447167321711,5,41,0.004141321,"High NTU",67,"night ",2,10
"307",42,54,5,-0.0210870661543716,5,42,-0.008438102,"High NTU",67,"night ",2,10
"308",43,55,5,-0.0116111579573885,5,43,0.00142586,"High NTU",67,"night ",2,10
"309",44,56,5,-0.00934771422827075,5,44,0.00378311,"High NTU",67,"night ",2,10
"310",45,57,5,-0.0530702738712737,5,45,-0.041767243,"High NTU",67,"night ",2,10
"311",46,58,5,-0.0763514785184995,5,46,-0.065977288,"High NTU",67,"night ",2,10
"312",47,59,5,-0.0812348203440176,5,47,-0.071057619,"High NTU",67,"night ",2,10
"313",48,60,5,-0.0746321726042639,5,48,-0.064146607,"High NTU",67,"night ",2,10
"314",49,61,5,-1.26635725496652e-05,5,49,0.013497933,"High NTU",67,"day ",3,10
"315",50,62,5,-0.00781379045762745,5,50,0.005376438,"High NTU",67,"day",3,10
"316",51,63,5,0.00757875375649163,5,51,0.021385423,"High NTU",67,"day ",3,10
"317",52,64,5,0.00468294425258656,5,52,0.018371461,"High NTU",67,"day",3,10
"318",53,65,5,-0.00743093957099524,5,53,0.005772118,"High NTU",67,"day ",3,10
"319",54,66,5,-0.00418369012011508,5,54,0.009144044,"High NTU",67,"day",3,10
"320",55,67,5,-0.0100656121067558,5,55,0.003025651,"High NTU",67,"day ",3,10
"321",56,68,5,-0.0114004295047331,5,56,0.001641029,"High NTU",67,"day",3,10
"322",57,69,5,-0.0108982020268621,5,57,0.002162944,"High NTU",67,"day ",3,10
"323",58,70,5,-0.0281781004306232,5,58,-0.015822454,"High NTU",67,"day",3,10
"324",59,71,5,-0.0255200042449457,5,59,-0.013058464,"High NTU",67,"day ",3,10
"325",60,72,5,-0.0158391077411605,5,60,-0.002981049,"High NTU",67,"day",3,10
"326",61,73,5,-0.0540688205893995,5,61,-0.042806098,"High NTU",67,"night",3,10
"327",62,74,5,-0.0537653427839519,5,62,-0.04245306,"High NTU",67,"night",3,10
"328",63,75,5,-0.0531480987797167,5,63,-0.041813798,"High NTU",67,"night",3,10
"329",64,76,5,-0.0527601048863337,5,64,-0.041408219,"High NTU",67,"night",3,10
"330",65,77,5,-0.0643578494967324,5,65,-0.053481867,"High NTU",67,"night",3,10
"331",66,78,5,-0.0507201570686424,5,66,-0.039281473,"High NTU",67,"night",3,10
"332",67,79,5,-0.0479018138690674,5,67,-0.036352376,"High NTU",67,"night",3,10
"333",1,13,6,-0.00162992740394543,6,1,0.01541318,"Control",67,"day",1,10
"334",2,14,6,0.00411597160674944,6,2,0.02138434,"Control",67,"day",1,10
"335",3,15,6,-0.00247636446140012,6,3,0.014522507,"Control",67,"day",1,10
"336",4,16,6,0.00144353804235205,6,4,0.018604043,"Control",67,"day",1,10
"337",5,17,6,-0.00200787757632001,6,5,0.015012217,"Control",67,"day",1,10
"338",6,18,6,0.00406905213786115,6,6,0.02133736,"Control",67,"day",1,10
"339",7,19,6,0.0033673356047215,6,7,0.02060538,"Control",67,"day",1,10
"340",8,20,6,0.00239871749192066,6,8,0.019596137,"Control",67,"day",1,10
"341",9,21,6,0.00228575758954998,6,9,0.019480749,"Control",67,"day",1,10
"342",10,22,6,-0.0009909949815858,6,10,0.016066929,"Control",67,"day",1,10
"343",11,23,6,0.00358093885992267,6,11,0.020827175,"Control",67,"day",1,10
"344",12,24,6,-0.00549927042453885,6,12,0.011376306,"Control",67,"day",1,10
"345",13,25,6,-0.0395556131149049,6,13,-0.024063238,"Control",67,"night",1,10
"346",14,26,6,-0.0380247007685143,6,14,-0.022468095,"Control",67,"night",1,10
"347",15,27,6,-0.0380958026662979,6,15,-0.022542004,"Control",67,"night",1,10
"348",16,28,6,-0.0359566531225126,6,16,-0.020316794,"Control",67,"night",1,10
"349",17,29,6,-0.036956578123563,6,17,-0.021357244,"Control",67,"night",1,10
"350",18,30,6,-0.0376700794619615,6,18,-0.022102785,"Control",67,"night",1,10
"351",19,31,6,-0.0388492773002334,6,19,-0.02332707,"Control",67,"night",1,10
"352",20,32,6,-0.0372234888770007,6,20,-0.021635855,"Control",67,"night",1,10
"353",21,33,6,-0.0374511834728695,6,21,-0.021871508,"Control",67,"night",1,10
"354",22,34,6,-0.035293557673462,6,22,-0.019627935,"Control",67,"night",1,10
"355",23,35,6,-0.0401456718026734,6,23,-0.024676031,"Control",67,"night",1,10
"356",24,36,6,-0.0347602509862538,6,24,-0.019072764,"Control",67,"night",1,10
"357",25,37,6,-0.00744920623836979,6,25,0.009360394,"Control",67,"day ",2,10
"358",26,38,6,-0.00396414071855579,6,26,0.012981537,"Control",67,"day",2,10
"359",27,39,6,-0.00629773446837895,6,27,0.010552109,"Control",67,"day ",2,10
"360",28,40,6,0.00397584359595531,6,28,0.021247337,"Control",67,"day",2,10
"361",29,41,6,0.00462013310257174,6,29,0.021916412,"Control",67,"day ",2,10
"362",30,42,6,-0.00677506283257878,6,30,0.010053109,"Control",67,"day",2,10
"363",31,46,6,-0.00270443057851468,6,34,0.01428266,"Control",67,"day",2,10
"364",32,47,6,-0.00175663528320832,6,35,0.01527798,"Control",67,"day ",2,10
"365",33,48,6,-0.00405298952317351,6,36,0.012889323,"Control",67,"day",2,10
"366",34,49,6,-0.0364618212562642,6,37,-0.020833858,"Control",67,"night ",2,10
"367",35,50,6,-0.0282304703373268,6,38,-0.012262141,"Control",67,"night ",2,10
"368",36,51,6,-0.0305489403617107,6,39,-0.014678908,"Control",67,"night ",2,10
"369",37,52,6,-0.029163464228199,6,40,-0.013237402,"Control",67,"night ",2,10
"370",38,53,6,-0.0320281409114453,6,41,-0.01621825,"Control",67,"night ",2,10
"371",39,54,6,-0.0306021338406072,6,42,-0.014733919,"Control",67,"night ",2,10
"372",40,55,6,-0.0288324400534964,6,43,-0.012894551,"Control",67,"night ",2,10
"373",41,56,6,-0.0267554278524411,6,44,-0.010727027,"Control",67,"night ",2,10
"374",42,57,6,-0.032096183187046,6,45,-0.016290029,"Control",67,"night ",2,10
"375",43,58,6,-0.0303768631475815,6,46,-0.014503862,"Control",67,"night ",2,10
"376",44,59,6,-0.0306529376844037,6,47,-0.014787927,"Control",67,"night ",2,10
"377",45,60,6,-0.0282990446083172,6,48,-0.012337518,"Control",67,"night ",2,10
"378",46,61,6,-0.00179625302790738,6,49,0.015246572,"Control",67,"day ",3,10
"379",47,62,6,-0.00926101461124926,6,50,0.007470748,"Control",67,"day",3,10
"380",48,63,6,-0.000343318727266722,6,51,0.016751177,"Control",67,"day ",3,10
"381",49,64,6,0.00287416637009654,6,52,0.020096003,"Control",67,"day",3,10
"382",50,65,6,-0.00562957134431356,6,53,0.011247877,"Control",67,"day ",3,10
"383",51,66,6,0.00142290748915347,6,54,0.018583045,"Control",67,"day",3,10
"384",52,67,6,-0.00218974835030765,6,55,0.014824907,"Control",67,"day ",3,10
"385",53,68,6,-0.00401718731657075,6,56,0.01292361,"Control",67,"day",3,10
"386",54,69,6,-0.00623445912525332,6,57,0.010615217,"Control",67,"day ",3,10
"387",55,70,6,-0.00272216243566661,6,58,0.014275779,"Control",67,"day",3,10
"388",56,71,6,-0.00560879915000021,6,59,0.01126418,"Control",67,"day ",3,10
"389",57,72,6,0.0024144600455665,6,60,0.019619429,"Control",67,"day",3,10
"390",58,73,6,-0.0340190855193124,6,61,-0.018291756,"Control",67,"night",3,10
"391",59,74,6,-0.0278003068573023,6,62,-0.011816839,"Control",67,"night",3,10
"392",60,75,6,-0.0277033231887946,6,63,-0.01171827,"Control",67,"night",3,10
"393",61,76,6,-0.0263077513634261,6,64,-0.010262443,"Control",67,"night",3,10
"394",62,77,6,-0.0339465641803547,6,65,-0.018215947,"Control",67,"night",3,10
"395",63,78,6,-0.0281358243415016,6,66,-0.012165623,"Control",67,"night",3,10
"396",64,79,6,-0.0267523503514366,6,67,-0.010728642,"Control",67,"night",3,10
"397",1,13,7,0.00298496359442771,7,1,0.03402069,"High NTU",80,"day",1,10
"398",2,14,7,0.00318106395520815,7,2,0.034218085,"High NTU",80,"day",1,10
"399",3,15,7,0.00447158671245108,7,3,0.035556737,"High NTU",80,"day",1,10
"400",4,16,7,0.00493820405237004,7,4,0.036042996,"High NTU",80,"day",1,10
"401",5,17,7,-0.00104658373144832,7,5,0.029812429,"High NTU",80,"day",1,10
"402",6,18,7,-0.00141027118314071,7,6,0.029438991,"High NTU",80,"day",1,10
"403",7,19,7,0.001434274453488,7,7,0.032395252,"High NTU",80,"day",1,10
"404",8,20,7,-0.0021251932180669,7,8,0.028690872,"High NTU",80,"day",1,10
"405",9,21,7,-0.000794896899171783,7,9,0.030079536,"High NTU",80,"day",1,10
"406",10,22,7,0.00123552348825709,7,10,0.032188368,"High NTU",80,"day",1,10
"407",11,23,7,0.00531813074071091,7,11,0.036439455,"High NTU",80,"day",1,10
"408",12,24,7,-0.00298906750697248,7,12,0.02778887,"High NTU",80,"day",1,10
"409",13,25,7,-0.0460323812866254,7,13,-0.017007944,"High NTU",80,"night",1,10
"410",14,26,7,-0.0444535775209002,7,14,-0.015361602,"High NTU",80,"night",1,10
"411",15,27,7,-0.0437706465594461,7,15,-0.014650186,"High NTU",80,"night",1,10
"412",16,28,7,-0.0451930528192173,7,16,-0.016134138,"High NTU",80,"night",1,10
"413",17,29,7,-0.0445201367902262,7,17,-0.015430794,"High NTU",80,"night",1,10
"414",18,30,7,-0.0455858611775611,7,18,-0.016546963,"High NTU",80,"night",1,10
"415",19,31,7,-0.0438954864424459,7,19,-0.014777983,"High NTU",80,"night",1,10
"416",20,32,7,-0.0442286566160635,7,20,-0.01512952,"High NTU",80,"night",1,10
"417",21,33,7,-0.0440208716341621,7,21,-0.014909714,"High NTU",80,"night",1,10
"418",22,34,7,-0.0460658246782966,7,22,-0.017045569,"High NTU",80,"night",1,10
"419",23,35,7,-0.0445442242370494,7,23,-0.015456392,"High NTU",80,"night",1,10
"420",24,36,7,-0.0470983828977469,7,24,-0.018117359,"High NTU",80,"night",1,10
"421",25,37,7,-0.00961312858789182,7,25,0.02090242,"High NTU",80,"day ",2,10
"422",26,38,7,-0.00983152705321247,7,26,0.020669178,"High NTU",80,"day",2,10
"423",27,39,7,-0.00886296591752325,7,27,0.021672479,"High NTU",80,"day ",2,10
"424",28,40,7,-0.00610574607420963,7,28,0.024545679,"High NTU",80,"day",2,10
"425",29,41,7,-0.00256063321401652,7,29,0.028235319,"High NTU",80,"day ",2,10
"426",30,42,7,-0.014320347104928,7,30,0.015991684,"High NTU",80,"day",2,10
"427",31,43,7,-0.0161942058935376,7,31,0.014042801,"High NTU",80,"day ",2,10
"428",32,44,7,-0.0145116571136234,7,32,0.015800146,"High NTU",80,"day",2,10
"429",33,45,7,-0.00799717446607016,7,33,0.022581076,"High NTU",80,"day ",2,10
"430",34,46,7,-0.0191178570539909,7,34,0.011002532,"High NTU",80,"day",2,10
"431",35,47,7,-0.0167128356870355,7,35,0.013511213,"High NTU",80,"day ",2,10
"432",36,48,7,-0.0142169385314921,7,36,0.016110305,"High NTU",80,"day",2,10
"433",37,49,7,-0.0671494562301235,7,37,-0.038988029,"High NTU",80,"night ",2,10
"434",38,50,7,-0.0554944444056397,7,38,-0.026856747,"High NTU",80,"night ",2,10
"435",39,51,7,-0.0518377620432233,7,39,-0.023042269,"High NTU",80,"night ",2,10
"436",40,52,7,-0.0575645504484604,7,40,-0.029008511,"High NTU",80,"night ",2,10
"437",41,53,7,-0.0566510047912964,7,41,-0.028051392,"High NTU",80,"night ",2,10
"438",42,54,7,-0.0606184164480329,7,42,-0.032184175,"High NTU",80,"night ",2,10
"439",43,55,7,-0.0602798554269368,7,43,-0.031833579,"High NTU",80,"night ",2,10
"440",44,56,7,-0.059114063646506,7,44,-0.030616205,"High NTU",80,"night ",2,10
"441",45,57,7,-0.0579818767344588,7,45,-0.029431395,"High NTU",80,"night ",2,10
"442",46,58,7,-0.0492315432018393,7,46,-0.020326324,"High NTU",80,"night ",2,10
"443",47,59,7,-0.0493363729647941,7,47,-0.020433663,"High NTU",80,"night ",2,10
"444",48,60,7,-0.0519846204559741,7,48,-0.023198919,"High NTU",80,"night ",2,10
"445",49,61,7,-0.0364473482503525,7,49,-0.007022727,"High NTU",80,"day ",3,10
"446",50,62,7,-0.0395444828676464,7,50,-0.010245767,"High NTU",80,"day",3,10
"447",51,63,7,-0.0325946479006072,7,51,-0.00301666,"High NTU",80,"day ",3,10
"448",52,64,7,-0.0279403987302991,7,52,0.001823826,"High NTU",80,"day",3,10
"449",53,65,7,-0.0307998896333142,7,53,-0.001151477,"High NTU",80,"day ",3,10
"450",54,66,7,-0.0281953824627655,7,54,0.001557292,"High NTU",80,"day",3,10
"451",55,67,7,-0.0330534502448829,7,55,-0.003494705,"High NTU",80,"day ",3,10
"452",56,68,7,-0.034018209014962,7,56,-0.00450026,"High NTU",80,"day",3,10
"453",57,69,7,-0.034883222390829,7,57,-0.005404688,"High NTU",80,"day ",3,10
"454",58,70,7,-0.0317585904193378,7,58,-0.002147387,"High NTU",80,"day",3,10
"455",59,71,7,-0.0354692761274237,7,59,-0.006012052,"High NTU",80,"day ",3,10
"456",60,72,7,-0.0323781127192334,7,60,-0.002787145,"High NTU",80,"day",3,10
"457",61,73,7,-0.0675138322248841,7,61,-0.039359509,"High NTU",80,"night",3,10
"458",62,74,7,-0.0715839594044282,7,62,-0.04359674,"High NTU",80,"night",3,10
"459",63,75,7,-0.0608996391122905,7,63,-0.032482469,"High NTU",80,"night",3,10
"460",64,76,7,-0.057822042806071,7,64,-0.029277644,"High NTU",80,"night",3,10
"461",65,77,7,-0.0634264633980237,7,65,-0.035114531,"High NTU",80,"night",3,10
"462",66,78,7,-0.0619250984901816,7,66,-0.033543974,"High NTU",80,"night",3,10
"463",67,79,7,-0.0595570059194848,7,67,-0.031083054,"High NTU",80,"night",3,10
"464",1,13,8,-0.00670162548215484,8,1,0.016707603,"Control",80,"day",1,10
"465",2,14,8,-0.00491891129472969,8,2,0.018560987,"Control",80,"day",1,10
"466",3,15,8,-0.00437326550067137,8,3,0.019126107,"Control",80,"day",1,10
"467",4,16,8,-0.002705523334596,8,4,0.020849601,"Control",80,"day",1,10
"468",5,17,8,-0.00819363465255412,8,5,0.01514046,"Control",80,"day",1,10
"469",6,18,8,-0.00925290229297951,8,6,0.014040134,"Control",80,"day",1,10
"470",7,19,8,-0.00582575293976922,8,7,0.017608932,"Control",80,"day",1,10
"471",8,20,8,-0.0107125473302778,8,8,0.012519658,"Control",80,"day",1,10
"472",9,21,8,-0.00490887886910597,8,9,0.018564939,"Control",80,"day",1,10
"473",10,22,8,-0.0116031808236081,8,10,0.011587248,"Control",80,"day",1,10
"474",11,23,8,-0.00575939355264279,8,11,0.017682463,"Control",80,"day",1,10
"475",12,24,8,-0.0145324869711212,8,12,0.008542739,"Control",80,"day",1,10
"476",13,25,8,-0.0592529606085984,8,13,-0.03800026,"Control",80,"night",1,10
"477",14,26,8,-0.0588224798742514,8,14,-0.037552376,"Control",80,"night",1,10
"478",15,27,8,-0.0518834383096962,8,15,-0.030322195,"Control",80,"night",1,10
"479",16,28,8,-0.053916884240701,8,16,-0.032444311,"Control",80,"night",1,10
"480",17,29,8,-0.0531413399949579,8,17,-0.031632086,"Control",80,"night",1,10
"481",18,30,8,-0.0589172398973049,8,18,-0.0376543,"Control",80,"night",1,10
"482",19,31,8,-0.0602001414018013,8,19,-0.038983498,"Control",80,"night",1,10
"483",20,32,8,-0.0597698135475035,8,20,-0.038541471,"Control",80,"night",1,10
"484",21,33,8,-0.0609186251894065,8,21,-0.039732058,"Control",80,"night",1,10
"485",22,34,8,-0.0606544589750089,8,22,-0.039460912,"Control",80,"night",1,10
"486",23,35,8,-0.0634144815901197,8,23,-0.042333513,"Control",80,"night",1,10
"487",24,36,8,-0.0647832460448103,8,24,-0.043758785,"Control",80,"night",1,10
"488",25,37,8,-0.012714461068648,8,25,0.010443349,"Control",80,"day ",2,10
"489",26,38,8,-0.0174974787892049,8,26,0.005455366,"Control",80,"day",2,10
"490",27,39,8,-0.0197825873940886,8,27,0.003074149,"Control",80,"day ",2,10
"491",28,40,8,-0.0146109229812294,8,28,0.008460071,"Control",80,"day",2,10
"492",29,41,8,-0.0111991006719447,8,29,0.012009851,"Control",80,"day ",2,10
"493",30,42,8,-0.0236239370941137,8,30,-0.000925448,"Control",80,"day",2,10
"494",31,43,8,-0.0242816820203985,8,31,-0.001605947,"Control",80,"day ",2,10
"495",32,44,8,-0.0220851410321787,8,32,0.000684603,"Control",80,"day",2,10
"496",33,45,8,-0.0221987089867769,8,33,0.000563449,"Control",80,"day ",2,10
"497",34,46,8,-0.0226126871661203,8,34,0.000133706,"Control",80,"day",2,10
"498",35,47,8,-0.018929808011024,8,35,0.003974338,"Control",80,"day ",2,10
"499",36,48,8,-0.0199364817477468,8,36,0.002926693,"Control",80,"day",2,10
"500",37,49,8,-0.0577254486230895,8,37,-0.036396821,"Control",80,"night ",2,10
"501",38,50,8,-0.0502019830489134,8,38,-0.028566416,"Control",80,"night ",2,10
"502",39,51,8,-0.0451692947634181,8,39,-0.023324207,"Control",80,"night ",2,10
"503",40,52,8,-0.0434422488155838,8,40,-0.02152568,"Control",80,"night ",2,10
"504",41,53,8,-0.0489775698203136,8,41,-0.027284371,"Control",80,"night ",2,10
"505",42,54,8,-0.0543460933952389,8,42,-0.03287461,"Control",80,"night ",2,10
"506",43,55,8,-0.0507555427333151,8,43,-0.029143811,"Control",80,"night ",2,10
"507",44,56,8,-0.0470939378198558,8,44,-0.025326779,"Control",80,"night ",2,10
"508",45,57,8,-0.046121173806231,8,45,-0.024315009,"Control",80,"night ",2,10
"509",46,58,8,-0.0528143401349674,8,46,-0.031288263,"Control",80,"night ",2,10
"510",47,59,8,-0.0461299923369647,8,47,-0.024319395,"Control",80,"night ",2,10
"511",48,60,8,-0.0486164227817491,8,48,-0.026915399,"Control",80,"night ",2,10
"512",49,61,8,-0.0169742193572407,8,49,0.006015542,"Control",80,"day ",3,10
"513",50,62,8,-0.0262553134137805,8,50,-0.003648262,"Control",80,"day",3,10
"514",51,63,8,-0.0174372408830457,8,51,0.005527775,"Control",80,"day ",3,10
"515",52,64,8,-0.0133945245984056,8,52,0.009726677,"Control",80,"day",3,10
"516",53,65,8,-0.0190133891445849,8,53,0.003877362,"Control",80,"day ",3,10
"517",54,66,8,-0.0131399590599938,8,54,0.009999621,"Control",80,"day",3,10
"518",55,67,8,-0.0171065710282756,8,55,0.00586789,"Control",80,"day ",3,10
"519",56,68,8,-0.0246252608754174,8,56,-0.001956935,"Control",80,"day",3,10
"520",57,69,8,-0.023211821949269,8,57,-0.00048795,"Control",80,"day ",3,10
"521",58,70,8,-0.0175525280556962,8,58,0.005411756,"Control",80,"day",3,10
"522",59,71,8,-0.0181463284171309,8,59,0.004791086,"Control",80,"day ",3,10
"523",60,72,8,-0.0162339934877486,8,60,0.006781928,"Control",80,"day",3,10
"524",61,73,8,-0.0517231333406776,8,61,-0.030144588,"Control",80,"night",3,10
"525",62,74,8,-0.0507465007793093,8,62,-0.029133604,"Control",80,"night",3,10
"526",63,75,8,-0.0627680373932667,8,63,-0.04165823,"Control",80,"night",3,10
"527",64,76,8,-0.0625337451143703,8,64,-0.041416169,"Control",80,"night",3,10
"528",65,77,8,-0.0654757486870656,8,65,-0.044475693,"Control",80,"night",3,10
"529",66,78,8,-0.0633228516495719,8,66,-0.042231292,"Control",80,"night",3,10
"530",67,79,8,-0.0620127955361488,8,67,-0.040872651,"Control",80,"night",3,10
