"","Chamber","X.1","X","AutoResp.Cycle.Loop","MO2.no.Background.Correction","Hour","MO2","Treatment","Genotype","Time.of.Day","Day.of.Exp","Trial","Max.Dark.MO2","MO2.from.Dark.Max"
"1",1,1,1,13,-0.00722673698546132,1,0.008587292,"50 NTU",67,"day",1,9,0,-0.00722673698546132
"2",1,2,2,14,-0.00365752170936287,2,0.012306859,"50 NTU",67,"day",1,9,0,-0.00365752170936287
"3",1,3,3,15,-0.0014602836639985,3,0.014586194,"50 NTU",67,"day",1,9,0,-0.0014602836639985
"4",1,4,4,16,-0.00127400401340078,4,0.014781646,"50 NTU",67,"day",1,9,0,-0.00127400401340078
"5",1,5,5,17,-1.71965813391112e-05,5,0.016095864,"50 NTU",67,"day",1,9,0,-1.71965813391112e-05
"6",1,6,6,18,-0.00174637567626571,6,0.014286734,"50 NTU",67,"day",1,9,0,-0.00174637567626571
"7",1,7,7,19,-0.00225796244371141,7,0.013758324,"50 NTU",67,"day",1,9,0,-0.00225796244371141
"8",1,8,8,20,0.00289532521450264,8,0.019120352,"50 NTU",67,"day",1,9,0,0.00289532521450264
"9",1,9,9,21,-0.00032581184971673,9,0.015769872,"50 NTU",67,"day",1,9,0,-0.00032581184971673
"10",1,10,10,22,0.00547846642852861,10,0.021802373,"50 NTU",67,"day",1,9,0,0.00547846642852861
"11",1,11,11,23,-0.000129362273768219,11,0.015974235,"50 NTU",67,"day",1,9,0,-0.000129362273768219
"12",1,12,12,24,0.000911972295743318,12,0.017053546,"50 NTU",67,"day",1,9,0,0.000911972295743318
"13",1,13,13,25,-0.0282742560979464,13,-0.013314882,"50 NTU",67,"night",1,9,0,-0.0282742560979464
"14",1,14,14,26,-0.0247015439273412,14,-0.009594773,"50 NTU",67,"night",1,9,0,-0.0247015439273412
"15",1,15,15,27,-0.0261745484851864,15,-0.011131569,"50 NTU",67,"night",1,9,0,-0.0261745484851864
"16",1,16,16,28,-0.0264247876826768,16,-0.011389713,"50 NTU",67,"night",1,9,0,-0.0264247876826768
"17",1,17,17,29,-0.0220327573305004,17,-0.006818036,"50 NTU",67,"night",1,9,0,-0.0220327573305004
"18",1,18,18,30,-0.0270426098558527,18,-0.01203097,"50 NTU",67,"night",1,9,0,-0.0270426098558527
"19",1,19,19,31,-0.0241724294673662,19,-0.009045132,"50 NTU",67,"night",1,9,0,-0.0241724294673662
"20",1,20,20,32,-0.0257075245739857,20,-0.010645282,"50 NTU",67,"night",1,9,0,-0.0257075245739857
"21",1,21,21,33,-0.0251824410543377,21,-0.010094797,"50 NTU",67,"night",1,9,0,-0.0251824410543377
"22",1,22,22,34,-0.022929467823327,22,-0.007751578,"50 NTU",67,"night",1,9,0,-0.022929467823327
"23",1,23,23,35,-0.0262381136902112,23,-0.011194264,"50 NTU",67,"night",1,9,0,-0.0262381136902112
"24",1,24,24,36,-0.0256450324980393,24,-0.010578084,"50 NTU",67,"night",1,9,0,-0.0256450324980393
"25",1,25,25,37,-0.00693917462812589,25,0.008889004,"50 NTU",67,"day",2,9,0,-0.00693917462812589
"26",1,26,26,38,-0.00432791483009478,26,0.011602803,"50 NTU",67,"day",2,9,0,-0.00432791483009478
"27",1,27,27,39,-0.000456535684589164,27,0.015624951,"50 NTU",67,"day",2,9,0,-0.000456535684589164
"28",1,28,28,40,0.00314841180133767,28,0.019383334,"50 NTU",67,"day",2,9,0,0.00314841180133767
"29",1,29,29,41,-0.0058430291658047,29,0.010024817,"50 NTU",67,"day",2,9,0,-0.0058430291658047
"30",1,30,30,42,0.000912900637074644,30,0.017059487,"50 NTU",67,"day",2,9,0,0.000912900637074644
"31",1,31,31,43,-0.000136381651737695,31,0.015965747,"50 NTU",67,"day",2,9,0,-0.000136381651737695
"32",1,32,32,44,-0.000654546650366121,32,0.015427004,"50 NTU",67,"day",2,9,0,-0.000654546650366121
"33",1,33,33,45,0.00758549696360226,33,0.023997531,"50 NTU",67,"day",2,9,0,0.00758549696360226
"34",1,34,34,46,0.0047233293484629,34,0.021024603,"50 NTU",67,"day",2,9,0,0.0047233293484629
"35",1,35,35,47,7.83834042444069e-05,35,0.016184969,"50 NTU",67,"day",2,9,0,7.83834042444069e-05
"36",1,36,36,48,-0.000242475700124008,36,0.015854031,"50 NTU",67,"day",2,9,0,-0.000242475700124008
"37",1,37,37,49,-0.0307045966215473,37,-0.015844608,"50 NTU",67,"night",2,9,0,-0.0307045966215473
"38",1,38,38,50,-0.0273236418067735,38,-0.012324944,"50 NTU",67,"night",2,9,0,-0.0273236418067735
"39",1,39,39,51,-0.0296094403824914,39,-0.01470892,"50 NTU",67,"night",2,9,0,-0.0296094403824914
"40",1,40,40,52,-0.0264901018989628,40,-0.011459255,"50 NTU",67,"night",2,9,0,-0.0264901018989628
"41",1,41,41,53,-0.0286777877851814,41,-0.013735084,"50 NTU",67,"night",2,9,0,-0.0286777877851814
"42",1,42,42,54,-0.0226348007760523,42,-0.007445639,"50 NTU",67,"night",2,9,0,-0.0226348007760523
"43",1,43,43,55,-0.0256334761643362,43,-0.010565482,"50 NTU",67,"night",2,9,0,-0.0256334761643362
"44",1,44,44,56,-0.0250368552130674,44,-0.00994819,"50 NTU",67,"night",2,9,0,-0.0250368552130674
"45",1,45,45,57,-0.0236927888260543,45,-0.008548078,"50 NTU",67,"night",2,9,0,-0.0236927888260543
"46",1,46,46,58,-0.0274057315764641,46,-0.012413691,"50 NTU",67,"night",2,9,0,-0.0274057315764641
"47",1,47,47,59,-0.0233643955359702,47,-0.008206377,"50 NTU",67,"night",2,9,0,-0.0233643955359702
"48",1,48,48,60,-0.0278524275506596,48,-0.012879487,"50 NTU",67,"night",2,9,0,-0.0278524275506596
"49",1,49,49,61,-0.00226602585413916,49,0.013754841,"50 NTU",67,"day",3,9,0,-0.00226602585413916
"50",1,50,50,62,-0.00734798552076622,50,0.008457446,"50 NTU",67,"day",3,9,0,-0.00734798552076622
"51",1,51,51,63,-0.00368360889191741,51,0.012269091,"50 NTU",67,"day",3,9,0,-0.00368360889191741
"52",1,52,52,64,0.00103092618476678,52,0.017174723,"50 NTU",67,"day",3,9,0,0.00103092618476678
"53",1,53,53,65,-0.00340504624425809,53,0.012561227,"50 NTU",67,"day",3,9,0,-0.00340504624425809
"54",1,54,54,66,0.0007798232673286,54,0.016917629,"50 NTU",67,"day",3,9,0,0.0007798232673286
"55",1,55,55,67,0.000119803825548963,55,0.016230043,"50 NTU",67,"day",3,9,0,0.000119803825548963
"56",1,56,56,68,-0.00173428413782356,56,0.014297786,"50 NTU",67,"day",3,9,0,-0.00173428413782356
"57",1,57,57,69,-0.00691951223573764,57,0.008907065,"50 NTU",67,"day",3,9,0,-0.00691951223573764
"58",1,58,58,70,-0.000559211691389588,58,0.015525991,"50 NTU",67,"day",3,9,0,-0.000559211691389588
"59",1,59,59,71,-0.00217213761371352,59,0.013846551,"50 NTU",67,"day",3,9,0,-0.00217213761371352
"60",1,60,60,72,-0.00477024002224295,60,0.01114405,"50 NTU",67,"day",3,9,0,-0.00477024002224295
"61",1,61,61,73,-0.026840973803556,61,-0.011820445,"50 NTU",67,"night",3,9,0,-0.026840973803556
"62",1,62,62,74,-0.0246060770678081,62,-0.009494559,"50 NTU",67,"night",3,9,0,-0.0246060770678081
"63",1,63,63,75,-0.025703133441302,63,-0.010639749,"50 NTU",67,"night",3,9,0,-0.025703133441302
"64",1,64,64,76,-0.0250590743994568,64,-0.009966717,"50 NTU",67,"night",3,9,0,-0.0250590743994568
"65",1,65,65,77,-0.0260646506911632,65,-0.011017443,"50 NTU",67,"night",3,9,0,-0.0260646506911632
"66",1,66,66,78,-0.0256552759607321,66,-0.010588164,"50 NTU",67,"night",3,9,0,-0.0256552759607321
"67",1,67,67,79,-0.025484483020806,67,-0.010414417,"50 NTU",67,"night",3,9,0,-0.025484483020806
"68",1,68,68,80,-0.0260358732533739,68,-0.010985022,"50 NTU",67,"night",3,9,0,-0.0260358732533739
"69",1,69,69,81,-0.0248717422331059,69,-0.009775984,"50 NTU",67,"night",3,9,0,-0.0248717422331059
"70",1,70,70,82,-0.0257329739487441,70,-0.010671448,"50 NTU",67,"night",3,9,0,-0.0257329739487441
"71",1,71,71,83,-0.0246929183479669,71,-0.009591104,"50 NTU",67,"night",3,9,0,-0.0246929183479669
"72",1,72,72,84,-0.026277162080278,72,-0.01123762,"50 NTU",67,"night",3,9,0,-0.026277162080278
"73",2,73,1,13,-0.0138039710933502,1,0.010007907,"29 NTU",67,"day",1,9,0,-0.0138039710933502
"74",2,74,2,14,-0.00966152782510903,2,0.014330565,"29 NTU",67,"day",1,9,0,-0.00966152782510903
"75",2,75,3,15,-0.00382378631272365,3,0.020398385,"29 NTU",67,"day",1,9,0,-0.00382378631272365
"76",2,76,4,16,-0.00297524988715944,4,0.021284729,"29 NTU",67,"day",1,9,0,-0.00297524988715944
"77",2,77,5,17,-0.00394417625190987,5,0.020277904,"29 NTU",67,"day",1,9,0,-0.00394417625190987
"78",2,78,6,18,-0.01507602532761,6,0.008685989,"29 NTU",67,"day",1,9,0,-0.01507602532761
"79",2,79,7,19,-0.0105667081911588,7,0.013384473,"29 NTU",67,"day",1,9,0,-0.0105667081911588
"80",2,80,8,20,-0.00240711326389082,8,0.021878295,"29 NTU",67,"day",1,9,0,-0.00240711326389082
"81",2,81,9,21,-0.012532380412606,9,0.011343051,"29 NTU",67,"day",1,9,0,-0.012532380412606
"82",2,82,10,22,-0.00322663473710099,10,0.021018916,"29 NTU",67,"day",1,9,0,-0.00322663473710099
"83",2,83,11,23,-0.0103392515363567,11,0.01362675,"29 NTU",67,"day",1,9,0,-0.0103392515363567
"84",2,84,12,24,-0.00599095970711301,12,0.018145924,"29 NTU",67,"day",1,9,0,-0.00599095970711301
"85",2,85,13,25,-0.0379343607039435,13,-0.015089975,"29 NTU",67,"night",1,9,0,-0.0379343607039435
"86",2,86,14,26,-0.0340818414778605,14,-0.011075798,"29 NTU",67,"night",1,9,0,-0.0340818414778605
"87",2,87,15,27,-0.0380462375255919,15,-0.015209992,"29 NTU",67,"night",1,9,0,-0.0380462375255919
"88",2,88,16,28,-0.0354501817328247,16,-0.012500609,"29 NTU",67,"night",1,9,0,-0.0354501817328247
"89",2,89,17,29,-0.030615185535467,17,-0.007470481,"29 NTU",67,"night",1,9,0,-0.030615185535467
"90",2,90,18,30,-0.040325890110539,18,-0.01757518,"29 NTU",67,"night",1,9,0,-0.040325890110539
"91",2,91,19,31,-0.0358010936749212,19,-0.012865127,"29 NTU",67,"night",1,9,0,-0.0358010936749212
"92",2,92,20,32,-0.0366965259620078,20,-0.013805838,"29 NTU",67,"night",1,9,0,-0.0366965259620078
"93",2,93,21,33,-0.0371271081718585,21,-0.014245346,"29 NTU",67,"night",1,9,0,-0.0371271081718585
"94",2,94,22,34,-0.0305287671340047,22,-0.007384562,"29 NTU",67,"night",1,9,0,-0.0305287671340047
"95",2,95,23,35,-0.039986388862807,23,-0.017222308,"29 NTU",67,"night",1,9,0,-0.039986388862807
"96",2,96,24,36,-0.0361278398395371,24,-0.013209651,"29 NTU",67,"night",1,9,0,-0.0361278398395371
"97",2,97,25,37,-0.0224177362155321,25,0.00105357,"29 NTU",67,"day",2,9,0,-0.0224177362155321
"98",2,98,26,38,-0.0194284319758296,26,0.004162709,"29 NTU",67,"day",2,9,0,-0.0194284319758296
"99",2,99,27,39,-0.011558882388519,27,0.012346994,"29 NTU",67,"day",2,9,0,-0.011558882388519
"100",2,100,28,40,-0.00818724174992386,28,0.015863254,"29 NTU",67,"day",2,9,0,-0.00818724174992386
"101",2,101,29,41,-0.0217230094915433,29,0.00176248,"29 NTU",67,"day",2,9,0,-0.0217230094915433
"102",2,102,30,42,-0.00930052148586681,30,0.014701775,"29 NTU",67,"day",2,9,0,-0.00930052148586681
"103",2,103,31,43,-0.0115330235415335,31,0.012378243,"29 NTU",67,"day",2,9,0,-0.0115330235415335
"104",2,104,32,44,-0.0118977018907543,32,0.012000712,"29 NTU",67,"day",2,9,0,-0.0118977018907543
"105",2,105,33,45,-0.00624924406811148,33,0.017870075,"29 NTU",67,"day",2,9,0,-0.00624924406811148
"106",2,106,34,46,-0.00593961325355836,34,0.018202276,"29 NTU",67,"day",2,9,0,-0.00593961325355836
"107",2,107,35,47,-0.0103513193421038,35,0.013609844,"29 NTU",67,"day",2,9,0,-0.0103513193421038
"108",2,108,36,48,-0.0103013322882636,36,0.013659589,"29 NTU",67,"day",2,9,0,-0.0103013322882636
"109",2,109,37,49,-0.0329968382470957,37,-0.009947433,"29 NTU",67,"night",2,9,0,-0.0329968382470957
"110",2,110,38,50,-0.0354395181868083,38,-0.012490434,"29 NTU",67,"night",2,9,0,-0.0354395181868083
"111",2,111,39,51,-0.0394245663806664,39,-0.016644832,"29 NTU",67,"night",2,9,0,-0.0394245663806664
"112",2,112,40,52,-0.0324133040350054,40,-0.009339053,"29 NTU",67,"night",2,9,0,-0.0324133040350054
"113",2,113,41,53,-0.0475553300886155,41,-0.025112522,"29 NTU",67,"night",2,9,0,-0.0475553300886155
"114",2,114,42,54,-0.0455696080611378,42,-0.023044357,"29 NTU",67,"night",2,9,0,-0.0455696080611378
"115",2,115,43,55,-0.0485455515354558,43,-0.02613849,"29 NTU",67,"night",2,9,0,-0.0485455515354558
"116",2,116,44,56,-0.0518841210636049,44,-0.029618347,"29 NTU",67,"night",2,9,0,-0.0518841210636049
"117",2,117,45,57,-0.0513045540963037,45,-0.029014341,"29 NTU",67,"night",2,9,0,-0.0513045540963037
"118",2,118,46,58,-0.0566244446738697,46,-0.034550043,"29 NTU",67,"night",2,9,0,-0.0566244446738697
"119",2,119,47,59,-0.0496550309623472,47,-0.027297349,"29 NTU",67,"night",2,9,0,-0.0496550309623472
"120",2,120,48,60,-0.0513249206883939,48,-0.029023431,"29 NTU",67,"night",2,9,0,-0.0513249206883939
"121",2,121,49,61,-0.0186052597269603,49,0.005019689,"29 NTU",67,"day",3,9,0,-0.0186052597269603
"122",2,122,50,62,-0.0169668587657122,50,0.006722524,"29 NTU",67,"day",3,9,0,-0.0169668587657122
"123",2,123,51,63,-0.0190759666151637,51,0.004522577,"29 NTU",67,"day",3,9,0,-0.0190759666151637
"124",2,124,52,64,-0.0152506683152806,52,0.008510582,"29 NTU",67,"day",3,9,0,-0.0152506683152806
"125",2,125,53,65,-0.0223786822135552,53,0.001083402,"29 NTU",67,"day",3,9,0,-0.0223786822135552
"126",2,126,54,66,-0.0154848006708531,54,0.008268336,"29 NTU",67,"day",3,9,0,-0.0154848006708531
"127",2,127,55,67,-0.0148602765899995,55,0.008918191,"29 NTU",67,"day",3,9,0,-0.0148602765899995
"128",2,128,56,68,-0.0151830602637787,56,0.008576596,"29 NTU",67,"day",3,9,0,-0.0151830602637787
"129",2,129,57,69,-0.0173983506514389,57,0.00628066,"29 NTU",67,"day",3,9,0,-0.0173983506514389
"130",2,130,58,70,-0.00454169794428655,58,0.019660714,"29 NTU",67,"day",3,9,0,-0.00454169794428655
"131",2,131,59,71,-0.00752537186280898,59,0.01655057,"29 NTU",67,"day",3,9,0,-0.00752537186280898
"132",2,132,60,72,-0.0149567297193108,60,0.008815024,"29 NTU",67,"day",3,9,0,-0.0149567297193108
"133",2,133,61,73,-0.0383653807959709,61,-0.01553322,"29 NTU",67,"night",3,9,0,-0.0383653807959709
"134",2,134,62,74,-0.0376391564619514,62,-0.014774107,"29 NTU",67,"night",3,9,0,-0.0376391564619514
"135",2,135,63,75,-0.0377825251312646,63,-0.014930445,"29 NTU",67,"night",3,9,0,-0.0377825251312646
"136",2,136,64,76,-0.0389156734180226,64,-0.016106693,"29 NTU",67,"night",3,9,0,-0.0389156734180226
"137",2,137,65,77,-0.0489946857972202,65,-0.026611612,"29 NTU",67,"night",3,9,0,-0.0489946857972202
"138",2,138,66,78,-0.0503812502254852,66,-0.028048773,"29 NTU",67,"night",3,9,0,-0.0503812502254852
"139",2,139,67,79,-0.0472501635517124,67,-0.024792904,"29 NTU",67,"night",3,9,0,-0.0472501635517124
"140",2,140,68,80,-0.0460804672870495,68,-0.023574456,"29 NTU",67,"night",3,9,0,-0.0460804672870495
"141",2,141,69,81,-0.046557564120303,69,-0.024074395,"29 NTU",67,"night",3,9,0,-0.046557564120303
"142",2,142,70,82,-0.0474869837916205,70,-0.02503769,"29 NTU",67,"night",3,9,0,-0.0474869837916205
"143",2,143,71,83,-0.0449509746451506,71,-0.022401176,"29 NTU",67,"night",3,9,0,-0.0449509746451506
"144",2,144,72,84,-0.0483187118859704,72,-0.025906377,"29 NTU",67,"night",3,9,0,-0.0483187118859704
"145",3,145,1,13,-0.0249425092042653,1,0.003596017,"15 NTU",67,"day",1,9,0,-0.0249425092042653
"146",3,146,2,14,-0.026281612641859,2,0.008804465,"15 NTU",67,"day",1,9,0,-0.026281612641859
"147",3,147,3,15,-0.0190695394322414,3,0.016115691,"15 NTU",67,"day",1,9,0,-0.0190695394322414
"148",3,148,4,16,-0.00382815886437308,4,0.017183663,"15 NTU",67,"day",1,9,0,-0.00382815886437308
"149",3,149,5,17,-0.00462307010410618,5,0.015970522,"15 NTU",67,"day",1,9,0,-0.00462307010410618
"150",3,150,6,18,-0.00793890071762309,6,0.002003214,"15 NTU",67,"day",1,9,0,-0.00793890071762309
"151",3,151,7,19,-0.00613613196173095,7,0.007664502,"15 NTU",67,"day",1,9,0,-0.00613613196173095
"152",3,152,8,20,0.000442996656380534,8,0.017898861,"15 NTU",67,"day",1,9,0,0.000442996656380534
"153",3,153,9,21,-0.0092885327563089,9,0.005204756,"15 NTU",67,"day",1,9,0,-0.0092885327563089
"154",3,154,10,22,-0.0704040497616992,10,0.01686338,"15 NTU",67,"day",1,9,0,-0.0704040497616992
"155",3,155,11,23,0.0520636821322357,11,0.007956426,"15 NTU",67,"day",1,9,0,0.0520636821322357
"156",3,156,12,24,-0.00627021004921104,12,0.013401661,"15 NTU",67,"day",1,9,0,-0.00627021004921104
"157",3,157,13,25,-0.0115305971073059,13,-0.026644874,"15 NTU",67,"night",1,9,0,-0.0115305971073059
"158",3,158,14,26,-0.00903297980416497,14,-0.021808119,"15 NTU",67,"night",1,9,0,-0.00903297980416497
"159",3,159,15,27,-0.0124903443679115,15,-0.026789485,"15 NTU",67,"night",1,9,0,-0.0124903443679115
"160",3,160,16,28,-0.00981355612294581,16,-0.0235249,"15 NTU",67,"night",1,9,0,-0.00981355612294581
"161",3,161,17,29,-0.00798568166694534,17,-0.017464008,"15 NTU",67,"night",1,9,0,-0.00798568166694534
"162",3,162,18,30,-0.00866491757482865,18,-0.029639343,"15 NTU",67,"night",1,9,0,-0.00866491757482865
"163",3,163,19,31,-0.0068306591092507,19,-0.023964115,"15 NTU",67,"night",1,9,0,-0.0068306591092507
"164",3,164,20,32,-0.010067807194414,20,-0.025097595,"15 NTU",67,"night",1,9,0,-0.010067807194414
"165",3,165,21,33,-0.00779941594236602,21,-0.025627165,"15 NTU",67,"night",1,9,0,-0.00779941594236602
"166",3,166,22,34,-0.00629877553514272,22,-0.017360483,"15 NTU",67,"night",1,9,0,-0.00629877553514272
"167",3,167,23,35,-0.00668553314036334,23,-0.029214161,"15 NTU",67,"night",1,9,0,-0.00668553314036334
"168",3,168,24,36,-0.00702706510295174,24,-0.024379237,"15 NTU",67,"night",1,9,0,-0.00702706510295174
"169",3,169,25,37,-0.00357839943919356,25,-0.007193226,"15 NTU",67,"day",2,9,0,-0.00357839943919356
"170",3,170,26,38,-0.00319586825084575,26,-0.003446968,"15 NTU",67,"day",2,9,0,-0.00319586825084575
"171",3,171,27,39,-0.00459143368505981,27,0.006414424,"15 NTU",67,"day",2,9,0,-0.00459143368505981
"172",3,172,28,40,-0.00488161202514406,28,0.01065123,"15 NTU",67,"day",2,9,0,-0.00488161202514406
"173",3,173,29,41,-0.00858338199029999,29,-0.006339047,"15 NTU",67,"day",2,9,0,-0.00858338199029999
"174",3,174,30,42,-0.00166039624328331,30,0.009251743,"15 NTU",67,"day",2,9,0,-0.00166039624328331
"175",3,175,31,43,-0.0024232018092547,31,0.006452078,"15 NTU",67,"day",2,9,0,-0.0024232018092547
"176",3,176,32,44,-0.00150115121686241,32,0.005997183,"15 NTU",67,"day",2,9,0,-0.00150115121686241
"177",3,177,33,45,-0.00563468707367002,33,0.013069284,"15 NTU",67,"day",2,9,0,-0.00563468707367002
"178",3,178,34,46,-0.00360697009779373,34,0.01346956,"15 NTU",67,"day",2,9,0,-0.00360697009779373
"179",3,179,35,47,-0.00638426952985493,35,0.007936055,"15 NTU",67,"day",2,9,0,-0.00638426952985493
"180",3,180,36,48,-0.00507574277398085,36,0.007995995,"15 NTU",67,"day",2,9,0,-0.00507574277398085
"181",3,181,37,49,-0.0101363399414935,37,-0.020448532,"15 NTU",67,"night",2,9,0,-0.0101363399414935
"182",3,182,38,50,-0.0081415852193044,38,-0.02351264,"15 NTU",67,"night",2,9,0,-0.0081415852193044
"183",3,183,39,51,-0.0110403011239006,39,-0.028518348,"15 NTU",67,"night",2,9,0,-0.0110403011239006
"184",3,184,40,52,-0.009127051575119,40,-0.019715484,"15 NTU",67,"night",2,9,0,-0.009127051575119
"185",3,185,41,53,-0.0159049839441785,41,-0.038721222,"15 NTU",67,"night",2,9,0,-0.0159049839441785
"186",3,186,42,54,-0.017145816168193,42,-0.036229252,"15 NTU",67,"night",2,9,0,-0.017145816168193
"187",3,187,43,55,-0.017884609306935,43,-0.039957429,"15 NTU",67,"night",2,9,0,-0.017884609306935
"188",3,188,44,56,-0.0170024017622265,44,-0.044150371,"15 NTU",67,"night",2,9,0,-0.0170024017622265
"189",3,189,45,57,-0.0184211016934704,45,-0.043422594,"15 NTU",67,"night",2,9,0,-0.0184211016934704
"190",3,190,46,58,-0.0186301355235511,46,-0.050092661,"15 NTU",67,"night",2,9,0,-0.0186301355235511
"191",3,191,47,59,-0.0160114074560221,47,-0.041353759,"15 NTU",67,"night",2,9,0,-0.0160114074560221
"192",3,192,48,60,-0.017458563170978,48,-0.043433546,"15 NTU",67,"night",2,9,0,-0.017458563170978
"193",3,193,49,61,0.0128855002682111,49,-0.002414377,"15 NTU",67,"day",3,9,0,0.0128855002682111
"194",3,194,50,62,-0.00150006429699203,50,-0.000362601,"15 NTU",67,"day",3,9,0,-0.00150006429699203
"195",3,195,51,63,-0.0137103561521284,51,-0.003013356,"15 NTU",67,"day",3,9,0,-0.0137103561521284
"196",3,196,52,64,0.00194344515415147,52,0.001791863,"15 NTU",67,"day",3,9,0,0.00194344515415147
"197",3,197,53,65,-0.00291929201394463,53,-0.00715728,"15 NTU",67,"day",3,9,0,-0.00291929201394463
"198",3,198,54,66,-0.00369326599490247,54,0.001499977,"15 NTU",67,"day",3,9,0,-0.00369326599490247
"199",3,199,55,67,-0.00467572352433408,55,0.002282998,"15 NTU",67,"day",3,9,0,-0.00467572352433408
"200",3,200,56,68,-0.00907683569655084,56,0.001871405,"15 NTU",67,"day",3,9,0,-0.00907683569655084
"201",3,201,57,69,-0.0124759635525501,57,-0.000895011,"15 NTU",67,"day",3,9,0,-0.0124759635525501
"202",3,202,58,70,0.000511536728512293,58,0.015226858,"15 NTU",67,"day",3,9,0,0.000511536728512293
"203",3,203,59,71,-0.00393060289348728,59,0.01147939,"15 NTU",67,"day",3,9,0,-0.00393060289348728
"204",3,204,60,72,-0.00937740839137189,60,0.00215869,"15 NTU",67,"day",3,9,0,-0.00937740839137189
"205",3,205,61,73,-0.0222692991610313,61,-0.027178948,"15 NTU",67,"night",3,9,0,-0.0222692991610313
"206",3,206,62,74,-0.0137251402620103,62,-0.026264279,"15 NTU",67,"night",3,9,0,-0.0137251402620103
"207",3,207,63,75,-0.0165642778632013,63,-0.026452653,"15 NTU",67,"night",3,9,0,-0.0165642778632013
"208",3,208,64,76,-0.0157283180664263,64,-0.027869936,"15 NTU",67,"night",3,9,0,-0.0157283180664263
"209",3,209,65,77,-0.0229239478506571,65,-0.040527502,"15 NTU",67,"night",3,9,0,-0.0229239478506571
"210",3,210,66,78,-0.0224682995775086,66,-0.042259163,"15 NTU",67,"night",3,9,0,-0.0224682995775086
"211",3,211,67,79,-0.022719939736152,67,-0.038336108,"15 NTU",67,"night",3,9,0,-0.022719939736152
"212",3,212,68,80,-0.022396983449052,68,-0.036867978,"15 NTU",67,"night",3,9,0,-0.022396983449052
"213",3,213,69,81,-0.0221691265927493,69,-0.037470364,"15 NTU",67,"night",3,9,0,-0.0221691265927493
"214",3,214,70,82,-0.0233785662768613,70,-0.038631055,"15 NTU",67,"night",3,9,0,-0.0233785662768613
"215",3,215,71,83,-0.0218291355644712,71,-0.035454272,"15 NTU",67,"night",3,9,0,-0.0218291355644712
"216",3,216,72,84,-0.0235936821924054,72,-0.039677752,"15 NTU",67,"night",3,9,0,-0.0235936821924054
"217",4,217,1,13,-0.0101189249009903,1,0.030211576,"0 NTU",67,"day",1,9,0,-0.0101189249009903
"218",4,218,2,14,-0.00809133998336965,2,0.032336674,"0 NTU",67,"day",1,9,0,-0.00809133998336965
"219",4,219,3,15,-0.00594496785694276,3,0.034558327,"0 NTU",67,"day",1,9,0,-0.00594496785694276
"220",4,220,4,16,-0.00840792206745549,4,0.031989795,"0 NTU",67,"day",1,9,0,-0.00840792206745549
"221",4,221,5,17,-0.0164956488982955,5,0.023583797,"0 NTU",67,"day",1,9,0,-0.0164956488982955
"222",4,222,6,18,-0.0204795675419498,6,0.019428603,"0 NTU",67,"day",1,9,0,-0.0204795675419498
"223",4,223,7,19,-0.0165782083013037,7,0.023493099,"0 NTU",67,"day",1,9,0,-0.0165782083013037
"224",4,224,8,20,-0.010011086652273,8,0.030331746,"0 NTU",67,"day",1,9,0,-0.010011086652273
"225",4,225,9,21,-0.0106453263886902,9,0.029672263,"0 NTU",67,"day",1,9,0,-0.0106453263886902
"226",4,226,10,22,-0.00904432806145309,10,0.031331196,"0 NTU",67,"day",1,9,0,-0.00904432806145309
"227",4,227,11,23,-0.00865147684086495,11,0.03174857,"0 NTU",67,"day",1,9,0,-0.00865147684086495
"228",4,228,12,24,-0.00993093598178696,12,0.030412554,"0 NTU",67,"day",1,9,0,-0.00993093598178696
"229",4,229,13,25,-0.0183436507185615,13,0.021661267,"0 NTU",67,"night",1,9,0,-0.0183436507185615
"230",4,230,14,26,-0.0164145990245214,14,0.023673742,"0 NTU",67,"night",1,9,0,-0.0164145990245214
"231",4,231,15,27,-0.0185534844907947,15,0.021438872,"0 NTU",67,"night",1,9,0,-0.0185534844907947
"232",4,232,16,28,-0.0177364288966863,16,0.022296618,"0 NTU",67,"night",1,9,0,-0.0177364288966863
"233",4,233,17,29,-0.0143056188845988,17,0.025861025,"0 NTU",67,"night",1,9,0,-0.0143056188845988
"234",4,234,18,30,-0.0168531541378681,18,0.023214139,"0 NTU",67,"night",1,9,0,-0.0168531541378681
"235",4,235,19,31,-0.0155472683457418,19,0.02457392,"0 NTU",67,"night",1,9,0,-0.0155472683457418
"236",4,236,20,32,-0.0187662473115858,20,0.021218704,"0 NTU",67,"night",1,9,0,-0.0187662473115858
"237",4,237,21,33,-0.0159232340371114,21,0.024184013,"0 NTU",67,"night",1,9,0,-0.0159232340371114
"238",4,238,22,34,-0.0148376631551062,22,0.025309236,"0 NTU",67,"night",1,9,0,-0.0148376631551062
"239",4,239,23,35,-0.0156696754434879,23,0.024444907,"0 NTU",67,"night",1,9,0,-0.0156696754434879
"240",4,240,24,36,-0.0161512865386726,24,0.023941401,"0 NTU",67,"night",1,9,0,-0.0161512865386726
"241",4,241,25,37,-0.0199734120489456,25,0.019949991,"0 NTU",67,"day",2,9,0,-0.0199734120489456
"242",4,242,26,38,-0.0206904608655373,26,0.019206642,"0 NTU",67,"day",2,9,0,-0.0206904608655373
"243",4,243,27,39,-0.0216228845102075,27,0.018221624,"0 NTU",67,"day",2,9,0,-0.0216228845102075
"244",4,244,28,40,-0.0199914971966883,28,0.019929302,"0 NTU",67,"day",2,9,0,-0.0199914971966883
"245",4,245,29,41,-0.0124040899058955,29,0.027833046,"0 NTU",67,"day",2,9,0,-0.0124040899058955
"246",4,246,30,42,-0.00863096045812311,30,0.031765047,"0 NTU",67,"day",2,9,0,-0.00863096045812311
"247",4,247,31,43,-0.00890062824550334,31,0.031484034,"0 NTU",67,"day",2,9,0,-0.00890062824550334
"248",4,248,32,44,-0.010222362553804,32,0.03010629,"0 NTU",67,"day",2,9,0,-0.010222362553804
"249",4,249,33,45,-0.0123620149317322,33,0.02787899,"0 NTU",67,"day",2,9,0,-0.0123620149317322
"250",4,250,34,46,-0.00759133325642065,34,0.032844666,"0 NTU",67,"day",2,9,0,-0.00759133325642065
"251",4,251,35,47,-0.0109913223278276,35,0.029307509,"0 NTU",67,"day",2,9,0,-0.0109913223278276
"252",4,252,36,48,-0.0117470063569556,36,0.028519026,"0 NTU",67,"day",2,9,0,-0.0117470063569556
"253",4,253,37,49,-0.0201824390643738,37,0.019754668,"0 NTU",67,"night",2,9,0,-0.0201824390643738
"254",4,254,38,50,-0.0170643438276797,38,0.022998663,"0 NTU",67,"night",2,9,0,-0.0170643438276797
"255",4,255,39,51,-0.0194501154372795,39,0.020511334,"0 NTU",67,"night",2,9,0,-0.0194501154372795
"256",4,256,40,52,-0.0179676102817012,40,0.022056113,"0 NTU",67,"night",2,9,0,-0.0179676102817012
"257",4,257,41,53,-0.0359564017725164,41,0.003308993,"0 NTU",67,"night",2,9,0,-0.0359564017725164
"258",4,258,42,54,-0.0483623295718174,42,-0.009588893,"0 NTU",67,"night",2,9,0,-0.0483623295718174
"259",4,259,43,55,-0.0502304438768588,43,-0.011536975,"0 NTU",67,"night",2,9,0,-0.0502304438768588
"260",4,260,44,56,-0.0509692570320438,44,-0.012309036,"0 NTU",67,"night",2,9,0,-0.0509692570320438
"261",4,261,45,57,-0.0492751790353996,45,-0.010536931,"0 NTU",67,"night",2,9,0,-0.0492751790353996
"262",4,262,46,58,-0.0529208582864686,46,-0.014338368,"0 NTU",67,"night",2,9,0,-0.0529208582864686
"263",4,263,47,59,-0.0464595955281304,47,-0.007607792,"0 NTU",67,"night",2,9,0,-0.0464595955281304
"264",4,264,48,60,-0.0471904105217907,48,-0.008355463,"0 NTU",67,"night",2,9,0,-0.0471904105217907
"265",4,265,49,61,-0.0124834138253371,49,0.027751551,"0 NTU",67,"day",3,9,0,-0.0124834138253371
"266",4,266,50,62,-0.0106483178923719,50,0.029665678,"0 NTU",67,"day",3,9,0,-0.0106483178923719
"267",4,267,51,63,-0.00614795851120486,51,0.034347247,"0 NTU",67,"day",3,9,0,-0.00614795851120486
"268",4,268,52,64,-0.0117411395168391,52,0.028520418,"0 NTU",67,"day",3,9,0,-0.0117411395168391
"269",4,269,53,65,-0.0243148316323356,53,0.015432972,"0 NTU",67,"day",3,9,0,-0.0243148316323356
"270",4,270,54,66,-0.0188823169879527,54,0.021090673,"0 NTU",67,"day",3,9,0,-0.0188823169879527
"271",4,271,55,67,-0.0213142671922512,55,0.018561682,"0 NTU",67,"day",3,9,0,-0.0213142671922512
"272",4,272,56,68,-0.021260544964568,56,0.018611433,"0 NTU",67,"day",3,9,0,-0.021260544964568
"273",4,273,57,69,-0.0144826337255024,57,0.025678545,"0 NTU",67,"day",3,9,0,-0.0144826337255024
"274",4,274,58,70,-0.00598779892150504,58,0.034519355,"0 NTU",67,"day",3,9,0,-0.00598779892150504
"275",4,275,59,71,-0.0105491977052897,59,0.029765349,"0 NTU",67,"day",3,9,0,-0.0105491977052897
"276",4,276,60,72,-0.0117055809089138,60,0.028565087,"0 NTU",67,"day",3,9,0,-0.0117055809089138
"277",4,277,61,73,-0.0218136786785134,61,0.018059228,"0 NTU",67,"night",3,9,0,-0.0218136786785134
"278",4,278,62,74,-0.0173961025068383,62,0.022652908,"0 NTU",67,"night",3,9,0,-0.0173961025068383
"279",4,279,63,75,-0.0181493763701669,63,0.021866784,"0 NTU",67,"night",3,9,0,-0.0181493763701669
"280",4,280,64,76,-0.0190486524326789,64,0.020931779,"0 NTU",67,"night",3,9,0,-0.0190486524326789
"281",4,281,65,77,-0.0412626210845898,65,-0.002207732,"0 NTU",67,"night",3,9,0,-0.0412626210845898
"282",4,282,66,78,-0.0451809601642,66,-0.006271675,"0 NTU",67,"night",3,9,0,-0.0451809601642
"283",4,283,67,79,-0.0449140078310042,67,-0.006002075,"0 NTU",67,"night",3,9,0,-0.0449140078310042
"284",4,284,68,80,-0.0443522861254743,68,-0.00541105,"0 NTU",67,"night",3,9,0,-0.0443522861254743
"285",4,285,69,81,-0.0449494000352605,69,-0.006039378,"0 NTU",67,"night",3,9,0,-0.0449494000352605
"286",4,286,70,82,-0.0439326618660267,70,-0.004973805,"0 NTU",67,"night",3,9,0,-0.0439326618660267
"287",4,287,71,83,-0.0454049408281825,71,-0.006512735,"0 NTU",67,"night",3,9,0,-0.0454049408281825
"288",4,288,72,84,-0.0456292001573971,72,-0.006740409,"0 NTU",67,"night",3,9,0,-0.0456292001573971
"289",5,289,1,13,-0.00532238496165724,1,0.01409583,"29 NTU",80,"day",1,9,0,-0.00532238496165724
"290",5,290,2,14,0.00155698170457711,2,0.021250698,"29 NTU",80,"day",1,9,0,0.00155698170457711
"291",5,291,3,15,-0.00625445467107021,3,0.013125344,"29 NTU",80,"day",1,9,0,-0.00625445467107021
"292",5,292,4,16,-0.00281242632824417,4,0.016703461,"29 NTU",80,"day",1,9,0,-0.00281242632824417
"293",5,293,5,17,-0.00655342914365178,5,0.012808851,"29 NTU",80,"day",1,9,0,-0.00655342914365178
"294",5,294,6,18,-0.0046543115148446,6,0.014792082,"29 NTU",80,"day",1,9,0,-0.0046543115148446
"295",5,295,7,19,-8.18698801992259e-05,7,0.019545916,"29 NTU",80,"day",1,9,0,-8.18698801992259e-05
"296",5,296,8,20,-5.35440823318116e-05,8,0.019581795,"29 NTU",80,"day",1,9,0,-5.35440823318116e-05
"297",5,297,9,22,-0.00825262296723895,10,0.011045961,"29 NTU",80,"day",1,9,0,-0.00825262296723895
"298",5,298,10,23,0.00234781846498703,11,0.022079747,"29 NTU",80,"day",1,9,0,0.00234781846498703
"299",5,299,11,24,-0.0107019007059723,12,0.008495864,"29 NTU",80,"day",1,9,0,-0.0107019007059723
"300",5,300,12,25,-0.0160511347097678,13,0.002934131,"29 NTU",80,"night",1,9,0,-0.0160511347097678
"301",5,301,13,26,-0.0151301127086208,14,0.003888939,"29 NTU",80,"night",1,9,0,-0.0151301127086208
"302",5,302,14,27,-0.0165609236305956,15,0.002406593,"29 NTU",80,"night",1,9,0,-0.0165609236305956
"303",5,303,15,28,-0.0131590171512609,16,0.005945771,"29 NTU",80,"night",1,9,0,-0.0131590171512609
"304",5,304,16,29,-0.0151510198899907,17,0.003875978,"29 NTU",80,"night",1,9,0,-0.0151510198899907
"305",5,305,17,30,-0.0138612833486717,18,0.005215934,"29 NTU",80,"night",1,9,0,-0.0138612833486717
"306",5,306,18,31,-0.0170284645516312,19,0.001911925,"29 NTU",80,"night",1,9,0,-0.0170284645516312
"307",5,307,19,32,-0.0131844072276145,20,0.005920188,"29 NTU",80,"night",1,9,0,-0.0131844072276145
"308",5,308,20,33,-0.01054562088802,21,0.008665627,"29 NTU",80,"night",1,9,0,-0.01054562088802
"309",5,309,21,34,-0.0182989420025588,22,0.000600769,"29 NTU",80,"night",1,9,0,-0.0182989420025588
"310",5,310,22,35,-0.0097667432709038,23,0.009477281,"29 NTU",80,"night",1,9,0,-0.0097667432709038
"311",5,311,23,36,-0.0177840694764219,24,0.001125761,"29 NTU",80,"night",1,9,0,-0.0177840694764219
"312",5,312,24,37,0.000327800253532899,25,0.019976415,"29 NTU",80,"day",2,9,0,0.000327800253532899
"313",5,313,25,38,0.00174491993844575,26,0.021451279,"29 NTU",80,"day",2,9,0,0.00174491993844575
"314",5,314,26,39,-0.0082111951505202,27,0.011088952,"29 NTU",80,"day",2,9,0,-0.0082111951505202
"315",5,315,27,40,0.00189404395542457,28,0.021603015,"29 NTU",80,"day",2,9,0,0.00189404395542457
"316",5,316,28,41,-0.00879324772354701,29,0.010486149,"29 NTU",80,"day",2,9,0,-0.00879324772354701
"317",5,317,29,43,-0.00504322658550905,31,0.014387368,"29 NTU",80,"day",2,9,0,-0.00504322658550905
"318",5,318,30,45,-0.00129417854796861,33,0.018285358,"29 NTU",80,"day",2,9,0,-0.00129417854796861
"319",5,319,31,46,-0.00279201144318018,34,0.016732021,"29 NTU",80,"day",2,9,0,-0.00279201144318018
"320",5,320,32,48,-0.00548405903351565,36,0.013929568,"29 NTU",80,"day",2,9,0,-0.00548405903351565
"321",5,321,33,49,-0.0183526380319529,37,0.000538423,"29 NTU",80,"night",2,9,0,-0.0183526380319529
"322",5,322,34,50,-0.0245891033390616,38,-0.005947122,"29 NTU",80,"night",2,9,0,-0.0245891033390616
"323",5,323,35,51,-0.0177990655060843,39,0.001115592,"29 NTU",80,"night",2,9,0,-0.0177990655060843
"324",5,324,36,52,-0.0273960597062427,40,-0.008871319,"29 NTU",80,"night",2,9,0,-0.0273960597062427
"325",5,325,37,53,-0.0205904104446816,41,-0.001788495,"29 NTU",80,"night",2,9,0,-0.0205904104446816
"326",5,326,38,54,-0.0284122619676077,42,-0.009936922,"29 NTU",80,"night",2,9,0,-0.0284122619676077
"327",5,327,39,55,-0.0255629341935913,43,-0.006966378,"29 NTU",80,"night",2,9,0,-0.0255629341935913
"328",5,328,40,56,-0.0210088525626239,44,-0.002230053,"29 NTU",80,"night",2,9,0,-0.0210088525626239
"329",5,329,41,57,-0.0258219193425311,45,-0.007236454,"29 NTU",80,"night",2,9,0,-0.0258219193425311
"330",5,330,42,58,-0.0221540310334036,46,-0.00341844,"29 NTU",80,"night",2,9,0,-0.0221540310334036
"331",5,331,43,59,-0.02694078781603,47,-0.008398489,"29 NTU",80,"night",2,9,0,-0.02694078781603
"332",5,332,44,60,-0.0260146684342578,48,-0.007439672,"29 NTU",80,"night",2,9,0,-0.0260146684342578
"333",5,333,45,61,-0.004338499477372,49,0.015120515,"29 NTU",80,"day",3,9,0,-0.004338499477372
"334",5,334,46,62,-0.0057808927382797,50,0.013615701,"29 NTU",80,"day",3,9,0,-0.0057808927382797
"335",5,335,47,63,-0.00473902011854544,51,0.014690711,"29 NTU",80,"day",3,9,0,-0.00473902011854544
"336",5,336,48,64,-0.00755793526751362,52,0.011760973,"29 NTU",80,"day",3,9,0,-0.00755793526751362
"337",5,337,49,65,-0.0130187598523293,53,0.006077437,"29 NTU",80,"day",3,9,0,-0.0130187598523293
"338",5,338,50,66,-0.0067844403741354,54,0.012571554,"29 NTU",80,"day",3,9,0,-0.0067844403741354
"339",5,339,51,67,-0.00197869945566222,55,0.01757653,"29 NTU",80,"day",3,9,0,-0.00197869945566222
"340",5,340,52,68,-0.00640243560319827,56,0.012972207,"29 NTU",80,"day",3,9,0,-0.00640243560319827
"341",5,341,53,69,-0.00793276041607389,57,0.011378439,"29 NTU",80,"day",3,9,0,-0.00793276041607389
"342",5,342,54,70,-0.0195282172551334,58,-0.000695238,"29 NTU",80,"day",3,9,0,-0.0195282172551334
"343",5,343,55,71,-0.0193946366844124,59,-0.000557646,"29 NTU",80,"day",3,9,0,-0.0193946366844124
"344",5,344,56,72,-0.00628850729017396,60,0.01309592,"29 NTU",80,"day",3,9,0,-0.00628850729017396
"345",5,345,57,73,-0.0113981195967576,61,0.007780941,"29 NTU",80,"night",3,9,0,-0.0113981195967576
"346",5,346,58,74,-0.0103054536388274,62,0.008920114,"29 NTU",80,"night",3,9,0,-0.0103054536388274
"347",5,347,59,75,-0.0198676395943323,63,-0.001037168,"29 NTU",80,"night",3,9,0,-0.0198676395943323
"348",5,348,60,76,-0.0110963352641473,64,0.008091896,"29 NTU",80,"night",3,9,0,-0.0110963352641473
"349",5,349,61,77,-0.0273809696847838,65,-0.008859712,"29 NTU",80,"night",3,9,0,-0.0273809696847838
"350",5,350,62,78,-0.0302453517671818,66,-0.011834653,"29 NTU",80,"night",3,9,0,-0.0302453517671818
"351",5,351,63,79,-0.0271064007149718,67,-0.008572052,"29 NTU",80,"night",3,9,0,-0.0271064007149718
"352",5,352,64,80,-0.0284229781930632,68,-0.009936067,"29 NTU",80,"night",3,9,0,-0.0284229781930632
"353",5,353,65,81,-0.0285843124484253,69,-0.010107126,"29 NTU",80,"night",3,9,0,-0.0285843124484253
"354",5,354,66,82,-0.0297982798621137,70,-0.011375261,"29 NTU",80,"night",3,9,0,-0.0297982798621137
"355",5,355,67,83,-0.0247476722758519,71,-0.006112042,"29 NTU",80,"night",3,9,0,-0.0247476722758519
"356",5,356,68,84,-0.0318383153961641,72,-0.013492386,"29 NTU",80,"night",3,9,0,-0.0318383153961641
"357",6,357,1,13,-0.00736719355396744,1,0.019835834,"50 NTU",80,"day",1,9,0,-0.00736719355396744
"358",6,358,2,14,-0.00439277567264195,2,0.022941113,"50 NTU",80,"day",1,9,0,-0.00439277567264195
"359",6,359,3,15,-0.00700286307111419,3,0.020218165,"50 NTU",80,"day",1,9,0,-0.00700286307111419
"360",6,360,4,16,-0.0044971814254535,4,0.022821109,"50 NTU",80,"day",1,9,0,-0.0044971814254535
"361",6,361,5,17,-0.0118522377718206,5,0.015149604,"50 NTU",80,"day",1,9,0,-0.0118522377718206
"362",6,362,6,18,-0.0100526947741538,6,0.017035692,"50 NTU",80,"day",1,9,0,-0.0100526947741538
"363",6,363,7,19,-0.00477462567910413,7,0.022533487,"50 NTU",80,"day",1,9,0,-0.00477462567910413
"364",6,364,8,20,-0.00280200952782652,8,0.024598747,"50 NTU",80,"day",1,9,0,-0.00280200952782652
"365",6,365,9,21,-0.0031803149110785,9,0.024190216,"50 NTU",80,"day",1,9,0,-0.0031803149110785
"366",6,366,10,22,-0.0147486259617591,10,0.012138773,"50 NTU",80,"day",1,9,0,-0.0147486259617591
"367",6,367,11,23,0.00151387578919892,11,0.029100879,"50 NTU",80,"day",1,9,0,0.00151387578919892
"368",6,368,12,24,-0.0198562628294906,12,0.006814703,"50 NTU",80,"day",1,9,0,-0.0198562628294906
"369",6,369,13,25,-0.0336243585619178,13,-0.007538663,"50 NTU",80,"night",1,9,0,-0.0336243585619178
"370",6,370,14,26,-0.036598509231865,14,-0.010645052,"50 NTU",80,"night",1,9,0,-0.036598509231865
"371",6,371,15,27,-0.0358634115284809,15,-0.009863864,"50 NTU",80,"night",1,9,0,-0.0358634115284809
"372",6,372,16,28,-0.0280220958983271,16,-0.001693582,"50 NTU",80,"night",1,9,0,-0.0280220958983271
"373",6,373,17,29,-0.0369089060804164,17,-0.010953612,"50 NTU",80,"night",1,9,0,-0.0369089060804164
"374",6,374,18,30,-0.0313666375544722,18,-0.005177584,"50 NTU",80,"night",1,9,0,-0.0313666375544722
"375",6,375,19,31,-0.0402298350116078,19,-0.014431023,"50 NTU",80,"night",1,9,0,-0.0402298350116078
"376",6,376,20,32,-0.0336599056720913,20,-0.007574358,"50 NTU",80,"night",1,9,0,-0.0336599056720913
"377",6,377,21,33,-0.0308525019219198,21,-0.004642706,"50 NTU",80,"night",1,9,0,-0.0308525019219198
"378",6,378,22,34,-0.0383823039068622,22,-0.012489408,"50 NTU",80,"night",1,9,0,-0.0383823039068622
"379",6,379,23,35,-0.0302135661952492,23,-0.003978597,"50 NTU",80,"night",1,9,0,-0.0302135661952492
"380",6,380,24,36,-0.0434424469878325,24,-0.017783432,"50 NTU",80,"night",1,9,0,-0.0434424469878325
"381",6,381,25,37,-0.00333648470884029,25,0.024038796,"50 NTU",80,"day",2,9,0,-0.00333648470884029
"382",6,382,26,38,0.0039487572299592,26,0.031631175,"50 NTU",80,"day",2,9,0,0.0039487572299592
"383",6,383,27,39,-0.0109853525833545,27,0.016054523,"50 NTU",80,"day",2,9,0,-0.0109853525833545
"384",6,384,28,41,-0.0156202728261926,29,0.011230792,"50 NTU",80,"day",2,9,0,-0.0156202728261926
"385",6,385,29,43,-0.007285619150517,31,0.019917728,"50 NTU",80,"day",2,9,0,-0.007285619150517
"386",6,386,30,46,-0.00397679132288361,34,0.023364228,"50 NTU",80,"day",2,9,0,-0.00397679132288361
"387",6,387,31,48,-0.00535416687956285,36,0.021934066,"50 NTU",80,"day",2,9,0,-0.00535416687956285
"388",6,388,32,49,-0.00371262814412084,37,0.023648516,"50 NTU",80,"night",2,9,0,-0.00371262814412084
"389",6,389,33,50,-0.0138906228712314,38,0.013048012,"50 NTU",80,"night",2,9,0,-0.0138906228712314
"390",6,390,34,51,-0.00446464644088689,39,0.022866791,"50 NTU",80,"night",2,9,0,-0.00446464644088689
"391",6,391,35,52,-0.0175631405793113,40,0.009213228,"50 NTU",80,"night",2,9,0,-0.0175631405793113
"392",6,392,36,53,-0.0103372955361444,41,0.016742401,"50 NTU",80,"night",2,9,0,-0.0103372955361444
"393",6,393,37,54,-0.0299871499261203,42,-0.003772549,"50 NTU",80,"night",2,9,0,-0.0299871499261203
"394",6,394,38,55,-0.0417587363318012,43,-0.016021172,"50 NTU",80,"night",2,9,0,-0.0417587363318012
"395",6,395,39,56,-0.0337471914447991,44,-0.007677738,"50 NTU",80,"night",2,9,0,-0.0337471914447991
"396",6,396,40,57,-0.0410589523803047,45,-0.015290145,"50 NTU",80,"night",2,9,0,-0.0410589523803047
"397",6,397,41,58,-0.0351308732729478,46,-0.009110064,"50 NTU",80,"night",2,9,0,-0.0351308732729478
"398",6,398,42,59,-0.0442823105663021,47,-0.018649714,"50 NTU",80,"night",2,9,0,-0.0442823105663021
"399",6,399,43,60,-0.0304524831114404,48,-0.004207232,"50 NTU",80,"night",2,9,0,-0.0304524831114404
"400",6,400,44,61,-0.00270144439806102,49,0.024689455,"50 NTU",80,"day",3,9,0,-0.00270144439806102
"401",6,401,45,62,0.000846234653584981,50,0.028394695,"50 NTU",80,"day",3,9,0,0.000846234653584981
"402",6,402,46,63,-0.0064643819999853,51,0.020748308,"50 NTU",80,"day",3,9,0,-0.0064643819999853
"403",6,403,47,64,0.00197893352940467,52,0.029562702,"50 NTU",80,"day",3,9,0,0.00197893352940467
"404",6,404,48,65,-0.00585123522199678,53,0.02140332,"50 NTU",80,"day",3,9,0,-0.00585123522199678
"405",6,405,49,66,-0.00882024510872128,54,0.018308092,"50 NTU",80,"day",3,9,0,-0.00882024510872128
"406",6,406,50,67,-0.00250010933175878,55,0.02490574,"50 NTU",80,"day",3,9,0,-0.00250010933175878
"407",6,407,51,68,-0.0103158847431303,56,0.016757838,"50 NTU",80,"day",3,9,0,-0.0103158847431303
"408",6,408,52,69,-0.0134718806346697,57,0.01346522,"50 NTU",80,"day",3,9,0,-0.0134718806346697
"409",6,409,53,70,-0.0155552825288189,58,0.011290206,"50 NTU",80,"day",3,9,0,-0.0155552825288189
"410",6,410,54,71,-0.00807883763897332,59,0.019082013,"50 NTU",80,"day",3,9,0,-0.00807883763897332
"411",6,411,55,72,-0.00129374420019637,60,0.026164571,"50 NTU",80,"day",3,9,0,-0.00129374420019637
"412",6,412,56,73,-0.0211381603426378,61,0.00548934,"50 NTU",80,"night",3,9,0,-0.0211381603426378
"413",6,413,57,74,-0.00968259644098577,62,0.01743489,"50 NTU",80,"night",3,9,0,-0.00968259644098577
"414",6,414,58,75,-0.0227616231849579,63,0.003777894,"50 NTU",80,"night",3,9,0,-0.0227616231849579
"415",6,415,59,76,-0.00668418619433243,64,0.020549487,"50 NTU",80,"night",3,9,0,-0.00668418619433243
"416",6,416,60,77,-0.0448966625795641,65,-0.019298746,"50 NTU",80,"night",3,9,0,-0.0448966625795641
"417",6,417,61,78,-0.050766254500611,66,-0.0254027,"50 NTU",80,"night",3,9,0,-0.050766254500611
"418",6,418,62,79,-0.0433889634249244,67,-0.017715968,"50 NTU",80,"night",3,9,0,-0.0433889634249244
"419",6,419,63,80,-0.0453178014255642,68,-0.019723024,"50 NTU",80,"night",3,9,0,-0.0453178014255642
"420",6,420,64,81,-0.0443288128987397,69,-0.018687538,"50 NTU",80,"night",3,9,0,-0.0443288128987397
"421",6,421,65,82,-0.0474772184706923,70,-0.021984358,"50 NTU",80,"night",3,9,0,-0.0474772184706923
"422",6,422,66,83,-0.0429333668689877,71,-0.01723825,"50 NTU",80,"night",3,9,0,-0.0429333668689877
"423",6,423,67,84,-0.052971838990229,72,-0.027703433,"50 NTU",80,"night",3,9,0,-0.052971838990229
"424",7,424,1,13,-0.00297085500521676,1,0.008882574,"15 NTU",80,"day",1,9,0,-0.00297085500521676
"425",7,425,2,14,0.00191852453408148,2,0.013959538,"15 NTU",80,"day",1,9,0,0.00191852453408148
"426",7,426,3,15,-0.00135311963479876,3,0.010563182,"15 NTU",80,"day",1,9,0,-0.00135311963479876
"427",7,427,4,16,0.00459478658093546,4,0.016738046,"15 NTU",80,"day",1,9,0,0.00459478658093546
"428",7,428,5,17,-0.00201030294932425,5,0.009868349,"15 NTU",80,"day",1,9,0,-0.00201030294932425
"429",7,429,6,18,-0.00249803641196974,6,0.009368585,"15 NTU",80,"day",1,9,0,-0.00249803641196974
"430",7,430,7,19,0.0076021604371238,7,0.019859485,"15 NTU",80,"day",1,9,0,0.0076021604371238
"431",7,431,8,20,0.00127094378653033,8,0.013285407,"15 NTU",80,"day",1,9,0,0.00127094378653033
"432",7,432,9,21,0.0113803263322187,9,0.023791207,"15 NTU",80,"day",1,9,0,0.0113803263322187
"433",7,433,10,22,-0.000626794664785022,10,0.011312589,"15 NTU",80,"day",1,9,0,-0.000626794664785022
"434",7,434,11,23,0.00613468887309202,11,0.018346116,"15 NTU",80,"day",1,9,0,0.00613468887309202
"435",7,435,12,24,-0.00372167312386327,12,0.0080918,"15 NTU",80,"day",1,9,0,-0.00372167312386327
"436",7,436,13,25,-0.0383357118336642,13,-0.027869425,"15 NTU",80,"night",1,9,0,-0.0383357118336642
"437",7,437,14,26,-0.0442858802266129,14,-0.034060496,"15 NTU",80,"night",1,9,0,-0.0442858802266129
"438",7,438,15,27,-0.0385214721358206,15,-0.028059402,"15 NTU",80,"night",1,9,0,-0.0385214721358206
"439",7,439,16,28,-0.0376391073930505,16,-0.027144253,"15 NTU",80,"night",1,9,0,-0.0376391073930505
"440",7,440,17,29,-0.0411021686862765,17,-0.030737293,"15 NTU",80,"night",1,9,0,-0.0411021686862765
"441",7,441,18,30,-0.0388254186324885,18,-0.028375089,"15 NTU",80,"night",1,9,0,-0.0388254186324885
"442",7,442,19,31,-0.0411839776310032,19,-0.030835945,"15 NTU",80,"night",1,9,0,-0.0411839776310032
"443",7,443,20,32,-0.0389327308029251,20,-0.028486895,"15 NTU",80,"night",1,9,0,-0.0389327308029251
"444",7,444,21,33,-0.034485565278138,21,-0.023867342,"15 NTU",80,"night",1,9,0,-0.034485565278138
"445",7,445,22,34,-0.0399346665319576,22,-0.02952354,"15 NTU",80,"night",1,9,0,-0.0399346665319576
"446",7,446,23,35,-0.0374275454799211,23,-0.02692248,"15 NTU",80,"night",1,9,0,-0.0374275454799211
"447",7,447,24,36,-0.0405168528928095,24,-0.030141356,"15 NTU",80,"night",1,9,0,-0.0405168528928095
"448",7,448,25,37,0.001505165599895,25,0.013535805,"15 NTU",80,"day",2,9,0,0.001505165599895
"449",7,449,26,38,0.00792428531877696,26,0.020201117,"15 NTU",80,"day",2,9,0,0.00792428531877696
"450",7,450,27,39,0.00202103197925088,27,0.014062449,"15 NTU",80,"day",2,9,0,0.00202103197925088
"451",7,451,28,40,0.00930403371466645,28,0.021632598,"15 NTU",80,"day",2,9,0,0.00930403371466645
"452",7,452,29,41,-0.0029598670362464,29,0.00888716,"15 NTU",80,"day",2,9,0,-0.0029598670362464
"453",7,453,30,42,0.00755596561894165,30,0.019817807,"15 NTU",80,"day",2,9,0,0.00755596561894165
"454",7,454,31,43,-0.00247745974078508,31,0.009391042,"15 NTU",80,"day",2,9,0,-0.00247745974078508
"455",7,455,32,44,0.00973590229908808,32,0.02207338,"15 NTU",80,"day",2,9,0,0.00973590229908808
"456",7,456,33,46,-0.0030057500926008,34,0.008845228,"15 NTU",80,"day",2,9,0,-0.0030057500926008
"457",7,457,34,48,-0.00410728559712241,36,0.007702521,"15 NTU",80,"day",2,9,0,-0.00410728559712241
"458",7,458,35,49,-0.0220898572797828,37,-0.01098165,"15 NTU",80,"night",2,9,0,-0.0220898572797828
"459",7,459,36,50,-0.0262669532629785,38,-0.015316062,"15 NTU",80,"night",2,9,0,-0.0262669532629785
"460",7,460,37,51,-0.0236722553306653,39,-0.012624041,"15 NTU",80,"night",2,9,0,-0.0236722553306653
"461",7,461,38,52,-0.0289245194129059,40,-0.018080962,"15 NTU",80,"night",2,9,0,-0.0289245194129059
"462",7,462,39,53,-0.0263162268146435,41,-0.015374104,"15 NTU",80,"night",2,9,0,-0.0263162268146435
"463",7,463,40,54,-0.0342341261175987,42,-0.023614224,"15 NTU",80,"night",2,9,0,-0.0342341261175987
"464",7,464,41,55,-0.0369077755358949,43,-0.026383656,"15 NTU",80,"night",2,9,0,-0.0369077755358949
"465",7,465,42,56,-0.0349318762804883,44,-0.024337508,"15 NTU",80,"night",2,9,0,-0.0349318762804883
"466",7,466,43,57,-0.0376634162721846,45,-0.027168523,"15 NTU",80,"night",2,9,0,-0.0376634162721846
"467",7,467,44,58,-0.0354327629580456,46,-0.024851673,"15 NTU",80,"night",2,9,0,-0.0354327629580456
"468",7,468,45,59,-0.0394828390881157,47,-0.029055288,"15 NTU",80,"night",2,9,0,-0.0394828390881157
"469",7,469,46,60,-0.037427376857097,48,-0.026919685,"15 NTU",80,"night",2,9,0,-0.037427376857097
"470",7,470,47,61,-0.00341848328184145,49,0.008415447,"15 NTU",80,"day",3,9,0,-0.00341848328184145
"471",7,471,48,62,-0.00226360643192352,50,0.009613875,"15 NTU",80,"day",3,9,0,-0.00226360643192352
"472",7,472,49,63,0.00210882217667485,51,0.014142701,"15 NTU",80,"day",3,9,0,0.00210882217667485
"473",7,473,50,64,-0.00300473830683842,52,0.00884041,"15 NTU",80,"day",3,9,0,-0.00300473830683842
"474",7,474,51,65,-0.00538941338764047,53,0.006359667,"15 NTU",80,"day",3,9,0,-0.00538941338764047
"475",7,475,52,66,-0.00489535280999451,54,0.006873258,"15 NTU",80,"day",3,9,0,-0.00489535280999451
"476",7,476,53,67,-0.00244636979780042,55,0.00941908,"15 NTU",80,"day",3,9,0,-0.00244636979780042
"477",7,477,54,68,-0.00655322937087213,56,0.005154249,"15 NTU",80,"day",3,9,0,-0.00655322937087213
"478",7,478,55,69,-0.00821390202428332,57,0.003428532,"15 NTU",80,"day",3,9,0,-0.00821390202428332
"479",7,479,56,70,-0.0129610780648689,58,-0.001510049,"15 NTU",80,"day",3,9,0,-0.0129610780648689
"480",7,480,57,71,-0.01130418824531,59,0.000211088,"15 NTU",80,"day",3,9,0,-0.01130418824531
"481",7,481,58,72,-0.00875090476688108,60,0.002873026,"15 NTU",80,"day",3,9,0,-0.00875090476688108
"482",7,482,59,73,-0.0476679279436834,61,-0.037560823,"15 NTU",80,"night",3,9,0,-0.0476679279436834
"483",7,483,60,74,-0.0444357274067172,62,-0.034198734,"15 NTU",80,"night",3,9,0,-0.0444357274067172
"484",7,484,61,75,-0.0466676865713487,63,-0.036528401,"15 NTU",80,"night",3,9,0,-0.0466676865713487
"485",7,485,62,76,-0.0441085015625943,64,-0.033868616,"15 NTU",80,"night",3,9,0,-0.0441085015625943
"486",7,486,63,77,-0.0427042574306351,65,-0.032400176,"15 NTU",80,"night",3,9,0,-0.0427042574306351
"487",7,487,64,78,-0.0411467728161354,66,-0.03078596,"15 NTU",80,"night",3,9,0,-0.0411467728161354
"488",7,488,65,79,-0.0403855893978309,67,-0.030000039,"15 NTU",80,"night",3,9,0,-0.0403855893978309
"489",7,489,66,80,-0.0375736451959571,68,-0.027070518,"15 NTU",80,"night",3,9,0,-0.0375736451959571
"490",7,490,67,81,-0.0407263707301916,69,-0.030347013,"15 NTU",80,"night",3,9,0,-0.0407263707301916
"491",7,491,68,82,-0.0397972235767934,70,-0.02938872,"15 NTU",80,"night",3,9,0,-0.0397972235767934
"492",7,492,69,83,-0.0378251507755327,71,-0.027331889,"15 NTU",80,"night",3,9,0,-0.0378251507755327
"493",7,493,70,84,-0.0421833691765269,72,-0.031859104,"15 NTU",80,"night",3,9,0,-0.0421833691765269
"494",8,494,1,13,0.00567539458717121,1,0.027452196,"0 NTU",80,"day",1,9,0,0.00567539458717121
"495",8,495,2,16,0.000497501564809348,4,0.022056303,"0 NTU",80,"day",1,9,0,0.000497501564809348
"496",8,496,3,18,-0.0020227825501013,6,0.019436232,"0 NTU",80,"day",1,9,0,-0.0020227825501013
"497",8,497,4,19,0.00364586665974501,7,0.025332936,"0 NTU",80,"day",1,9,0,0.00364586665974501
"498",8,498,5,20,-0.000882695962782831,8,0.020624272,"0 NTU",80,"day",1,9,0,-0.000882695962782831
"499",8,499,6,21,0.00287998381136406,9,0.024536597,"0 NTU",80,"day",1,9,0,0.00287998381136406
"500",8,500,7,22,-0.00245980050903125,10,0.018981461,"0 NTU",80,"day",1,9,0,-0.00245980050903125
"501",8,501,8,23,0.00256812038744414,11,0.024218704,"0 NTU",80,"day",1,9,0,0.00256812038744414
"502",8,502,9,24,-0.00500911719234107,12,0.016329347,"0 NTU",80,"day",1,9,0,-0.00500911719234107
"503",8,503,10,25,-0.0121486395677054,13,0.008908882,"0 NTU",80,"night",1,9,0,-0.0121486395677054
"504",8,504,11,26,-0.0128217266853033,14,0.008202053,"0 NTU",80,"night",1,9,0,-0.0128217266853033
"505",8,505,12,27,-0.0119617488989581,15,0.009103614,"0 NTU",80,"night",1,9,0,-0.0119617488989581
"506",8,506,13,28,-0.00785437493949238,16,0.013378634,"0 NTU",80,"night",1,9,0,-0.00785437493949238
"507",8,507,14,29,-0.0121471490228635,17,0.008912811,"0 NTU",80,"night",1,9,0,-0.0121471490228635
"508",8,508,15,30,-0.0104464841729782,18,0.010681252,"0 NTU",80,"night",1,9,0,-0.0104464841729782
"509",8,509,16,31,-0.0115655834785191,19,0.009509186,"0 NTU",80,"night",1,9,0,-0.0115655834785191
"510",8,510,17,32,-0.0116387117451786,20,0.009437785,"0 NTU",80,"night",1,9,0,-0.0116387117451786
"511",8,511,18,33,-0.00686613911130534,21,0.014409275,"0 NTU",80,"night",1,9,0,-0.00686613911130534
"512",8,512,19,34,-0.0116274449284594,22,0.009455461,"0 NTU",80,"night",1,9,0,-0.0116274449284594
"513",8,513,20,35,-0.00983237437545301,23,0.011322472,"0 NTU",80,"night",1,9,0,-0.00983237437545301
"514",8,514,21,36,-0.0123382605125416,24,0.008706033,"0 NTU",80,"night",1,9,0,-0.0123382605125416
"515",8,515,22,37,0.00397863949862429,25,0.02568715,"0 NTU",80,"day",2,9,0,0.00397863949862429
"516",8,516,23,38,0.00389141672636378,26,0.025596504,"0 NTU",80,"day",2,9,0,0.00389141672636378
"517",8,517,24,39,-0.000947863445758903,27,0.020552159,"0 NTU",80,"day",2,9,0,-0.000947863445758903
"518",8,518,25,40,0.00379348957679548,28,0.025492019,"0 NTU",80,"day",2,9,0,0.00379348957679548
"519",8,519,26,43,-0.000531584038706125,31,0.020989902,"0 NTU",80,"day",2,9,0,-0.000531584038706125
"520",8,520,27,44,0.00749006563159093,32,0.029333733,"0 NTU",80,"day",2,9,0,0.00749006563159093
"521",8,521,28,45,0.00750329282133006,33,0.029349507,"0 NTU",80,"day",2,9,0,0.00750329282133006
"522",8,522,29,46,0.00814266127384373,34,0.030019805,"0 NTU",80,"day",2,9,0,0.00814266127384373
"523",8,523,30,47,0.012212528408675,35,0.034251167,"0 NTU",80,"day",2,9,0,0.012212528408675
"524",8,524,31,48,0.006087448281137,36,0.027880097,"0 NTU",80,"day",2,9,0,0.006087448281137
"525",8,525,32,49,-0.0363982727490456,37,-0.016339185,"0 NTU",80,"night",2,9,0,-0.0363982727490456
"526",8,526,33,50,-0.0396920259063451,38,-0.019758261,"0 NTU",80,"night",2,9,0,-0.0396920259063451
"527",8,527,34,51,-0.0372588928573693,39,-0.017231712,"0 NTU",80,"night",2,9,0,-0.0372588928573693
"528",8,528,35,52,-0.0421879168928694,40,-0.022361511,"0 NTU",80,"night",2,9,0,-0.0421879168928694
"529",8,529,36,53,-0.0387711355218568,41,-0.018806971,"0 NTU",80,"night",2,9,0,-0.0387711355218568
"530",8,530,37,54,-0.0432687155308513,42,-0.023492503,"0 NTU",80,"night",2,9,0,-0.0432687155308513
"531",8,531,38,55,-0.0330978313122242,43,-0.012898381,"0 NTU",80,"night",2,9,0,-0.0330978313122242
"532",8,532,39,56,-0.0307123988463963,44,-0.010421215,"0 NTU",80,"night",2,9,0,-0.0307123988463963
"533",8,533,40,57,-0.0324303707856763,45,-0.012202271,"0 NTU",80,"night",2,9,0,-0.0324303707856763
"534",8,534,41,58,-0.0309531575670269,46,-0.010665702,"0 NTU",80,"night",2,9,0,-0.0309531575670269
"535",8,535,42,59,-0.0335527414035333,47,-0.013368541,"0 NTU",80,"night",2,9,0,-0.0335527414035333
"536",8,536,43,60,-0.0339904134165568,48,-0.013830969,"0 NTU",80,"night",2,9,0,-0.0339904134165568
"537",8,537,44,61,0.000819949009937226,49,0.022401722,"0 NTU",80,"day",3,9,0,0.000819949009937226
"538",8,538,45,62,0.00137571336823992,50,0.022977316,"0 NTU",80,"day",3,9,0,0.00137571336823992
"539",8,539,46,64,0.00374874104748023,52,0.025442983,"0 NTU",80,"day",3,9,0,0.00374874104748023
"540",8,540,47,66,-0.000835156730191949,54,0.020669045,"0 NTU",80,"day",3,9,0,-0.000835156730191949
"541",8,541,48,67,0.00468166749493866,55,0.026410582,"0 NTU",80,"day",3,9,0,0.00468166749493866
"542",8,542,49,68,0.00343171028366602,56,0.025116608,"0 NTU",80,"day",3,9,0,0.00343171028366602
"543",8,543,50,69,-0.00172014199554633,57,0.019749774,"0 NTU",80,"day",3,9,0,-0.00172014199554633
"544",8,544,51,70,-0.00566151646888283,58,0.015643724,"0 NTU",80,"day",3,9,0,-0.00566151646888283
"545",8,545,52,71,-0.00142980969809269,59,0.020048003,"0 NTU",80,"day",3,9,0,-0.00142980969809269
"546",8,546,53,72,0.00227678440527627,60,0.023913983,"0 NTU",80,"day",3,9,0,0.00227678440527627
"547",8,547,54,73,-0.0323548733112281,61,-0.012119654,"0 NTU",80,"night",3,9,0,-0.0323548733112281
"548",8,548,55,74,-0.0298301551136185,62,-0.009489343,"0 NTU",80,"night",3,9,0,-0.0298301551136185
"549",8,549,56,75,-0.0335867683876966,63,-0.013405027,"0 NTU",80,"night",3,9,0,-0.0335867683876966
"550",8,550,57,76,-0.0297962690507295,64,-0.009462676,"0 NTU",80,"night",3,9,0,-0.0297962690507295
"551",8,551,58,77,-0.0349449354718161,65,-0.014815949,"0 NTU",80,"night",3,9,0,-0.0349449354718161
"552",8,552,59,78,-0.0351213737092956,66,-0.015001818,"0 NTU",80,"night",3,9,0,-0.0351213737092956
"553",8,553,60,79,-0.0346821401925173,67,-0.014549593,"0 NTU",80,"night",3,9,0,-0.0346821401925173
"554",8,554,61,80,-0.0313619010379157,68,-0.011087403,"0 NTU",80,"night",3,9,0,-0.0313619010379157
"555",8,555,62,81,-0.034593195766336,69,-0.014451822,"0 NTU",80,"night",3,9,0,-0.034593195766336
"556",8,556,63,82,-0.0342195307534417,70,-0.014069613,"0 NTU",80,"night",3,9,0,-0.0342195307534417
"557",8,557,64,83,-0.0316094533553172,71,-0.011344085,"0 NTU",80,"night",3,9,0,-0.0316094533553172
"558",8,558,65,84,-0.0349090375776726,72,-0.014779873,"0 NTU",80,"night",3,9,0,-0.0349090375776726
