"","Chamber","X.1","X","AutoResp.Cycle.Loop","MO2.no.Background.Correction","NA.","Hour","MO2","Treatment","Genotype","Time.of.Day","Day.of.Exp","Trial","Max.Dark.MO2","MO2.from.Dark.Max"
"1",1,1,1,11,0.00544016339434435,1,1,0.005154303,50,84,"day",1,2,0.00116925441740747,0.00427090897693688
"2",1,2,2,12,0.00181995969856407,1,2,0.001353887,50,84,"day",1,2,0.00116925441740747,0.0006507052811566
"3",1,3,3,13,-0.00197527586424301,1,3,-0.002628633,50,84,"day",1,2,0.00116925441740747,-0.00314453028165048
"4",1,4,4,15,-0.000459141209601555,1,5,-0.001035788,50,84,"day",1,2,0.00116925441740747,-0.00162839562700902
"5",1,5,5,16,0.000986416160255308,1,6,0.000481154,50,84,"day",1,2,0.00116925441740747,-0.000182838257152162
"6",1,6,6,17,0.000549021691682885,1,7,2.12145e-05,50,84,"day",1,2,0.00116925441740747,-0.000620232725724585
"7",1,7,7,18,0.000830930178280068,1,8,0.000313996,50,84,"day",1,2,0.00116925441740747,-0.000338324239127402
"8",1,8,8,19,-0.00368182832724788,1,9,-0.004397909,50,84,"day",1,2,0.00116925441740747,-0.00485108274465535
"9",1,9,9,20,0.00235819341317915,1,10,0.00192335,50,84,"day",1,2,0.00116925441740747,0.00118893899577168
"10",1,10,10,21,0.00498867316428692,1,11,0.004680978,50,84,"day",1,2,0.00116925441740747,0.00381941874687945
"11",1,11,11,22,-0.00204487218119024,1,12,-0.002697915,50,84,"day",1,2,0.00116925441740747,-0.00321412659859771
"12",1,12,12,23,-0.00408458557139621,1,13,-0.004835534,50,84,"night",1,2,0.00116925441740747,-0.00525383998880368
"13",1,13,13,24,-0.00616806882137411,1,14,-0.007022549,50,84,"night",1,2,0.00116925441740747,-0.00733732323878158
"14",1,14,14,25,-0.00122366644747491,1,15,-0.001832216,50,84,"night",1,2,0.00116925441740747,-0.00239292086488238
"15",1,15,15,26,-0.0161886020508221,1,16,-0.017548031,50,84,"night",1,2,0.00116925441740747,-0.0173578564682296
"16",1,16,16,27,-0.00185337352281632,1,17,-0.002493396,50,84,"night",1,2,0.00116925441740747,-0.00302262794022379
"17",1,17,17,28,-0.00086949902606525,1,18,-0.001463793,50,84,"night",1,2,0.00116925441740747,-0.00203875344347272
"18",1,18,18,30,-0.00319497697285564,1,20,-0.003903872,50,84,"night",1,2,0.00116925441740747,-0.00436423139026311
"19",1,19,19,31,-0.00464780893465973,1,21,-0.005425168,50,84,"night",1,2,0.00116925441740747,-0.0058170633520672
"20",1,20,20,32,-0.0042332923366448,1,22,-0.004988133,50,84,"night",1,2,0.00116925441740747,-0.00540254675405227
"21",1,21,21,33,-0.00307821195432348,1,23,-0.003778415,50,84,"night",1,2,0.00116925441740747,-0.00424746637173095
"22",1,22,22,34,-0.00398907574997931,1,24,-0.004733567,50,84,"night",2,2,0.00116925441740747,-0.00515833016738678
"23",1,23,23,35,0.00374680015451033,1,25,0.003374867,50,84,"day",2,2,0.00116925441740747,0.00257754573710286
"24",1,24,24,36,0.000231318453427558,1,26,-0.00031258,50,84,"day",2,2,0.00116925441740747,-0.000937935963979912
"25",1,25,25,37,0.00249058218227228,1,27,0.002059524,50,84,"day",2,2,0.00116925441740747,0.00132132776486481
"26",1,26,26,38,-0.0027782239387926,1,28,-0.003471687,50,84,"day",2,2,0.00116925441740747,-0.00394747835620007
"27",1,27,27,39,-0.00115797218896949,1,29,-0.001768104,50,84,"day",2,2,0.00116925441740747,-0.00232722660637696
"28",1,28,28,40,-3.39396328195754e-06,1,30,-0.000556116,50,84,"day",2,2,0.00116925441740747,-0.00117264838068943
"29",1,29,29,41,0.00198348198739634,1,31,0.001526233,50,84,"day",2,2,0.00116925441740747,0.00081422756998887
"30",1,30,30,42,-0.00214500347833032,1,32,-0.002805418,50,84,"day",2,2,0.00116925441740747,-0.00331425789573779
"31",1,31,31,43,0.00487000362860038,1,33,0.004568766,50,84,"day",2,2,0.00116925441740747,0.00370074921119291
"32",1,32,32,44,-0.00218383470678785,1,34,-0.002846918,50,84,"day",2,2,0.00116925441740747,-0.00335308912419532
"33",1,33,33,45,-0.00112844781815876,1,35,-0.001737906,50,84,"day",2,2,0.00116925441740747,-0.00229770223556623
"34",1,34,34,46,-0.00188191281352016,1,36,-0.002527713,50,84,"day",2,2,0.00116925441740747,-0.00305116723092763
"35",1,35,35,47,-0.00535142393933462,1,37,-0.006166167,50,84,"night",2,2,0.00116925441740747,-0.00652067835674209
"36",1,36,36,49,-0.00440781147263009,1,39,-0.005174653,50,84,"night",2,2,0.00116925441740747,-0.00557706589003756
"37",1,37,37,50,0.00116925441740747,1,40,0.000675867,50,84,"night",2,2,0.00116925441740747,0
"38",1,38,38,51,-0.00516464335670422,1,41,-0.005974067,50,84,"night",2,2,0.00116925441740747,-0.00633389777411169
"39",1,39,39,52,-0.00061794935616621,1,42,-0.001198769,50,84,"night",2,2,0.00116925441740747,-0.00178720377357368
"40",1,40,40,54,0.000125533488152241,1,44,-0.000415466,50,84,"night",2,2,0.00116925441740747,-0.00104372092925523
"41",1,41,41,55,-0.00476733784527115,1,45,-0.005554482,50,84,"night",2,2,0.00116925441740747,-0.00593659226267862
"42",1,42,42,56,-0.00195047793419567,1,46,-0.002594096,50,84,"night",2,2,0.00116925441740747,-0.00311973235160314
"43",1,43,43,57,-0.0028529398269115,1,47,-0.003546099,50,84,"night",2,2,0.00116925441740747,-0.00402219424431897
"44",1,44,44,58,-0.00288580757498118,1,48,-0.003577756,50,84,"night",2,2,0.00116925441740747,-0.00405506199238865
"45",1,45,45,60,0.00332560366001686,1,50,0.002936771,50,84,"day",3,2,0.00116925441740747,0.00215634924260939
"46",1,46,46,61,-0.00028749593697691,1,51,-0.000856711,50,84,"day",3,2,0.00116925441740747,-0.00145675035438438
"47",1,47,47,62,-0.00326310264262131,1,52,-0.003979845,50,84,"day",3,2,0.00116925441740747,-0.00443235706002878
"48",1,48,48,63,0.000750692942598065,1,53,0.000235005,50,84,"day",3,2,0.00116925441740747,-0.000418561474809405
"49",1,49,49,64,-0.00171064902413081,1,54,-0.002350564,50,84,"day",3,2,0.00116925441740747,-0.00287990344153828
"50",1,50,50,65,0.000461927144466969,1,55,-6.85e-05,50,84,"day",3,2,0.00116925441740747,-0.000707327272940501
"51",1,51,51,66,-0.00223624908062837,1,56,-0.002903701,50,84,"day",3,2,0.00116925441740747,-0.00340550349803584
"52",1,52,52,68,-0.00107300465567507,1,58,-0.001685656,50,84,"day",3,2,0.00116925441740747,-0.00224225907308254
"53",1,53,53,69,-0.00109004023008454,1,59,-0.001695411,50,84,"day",3,2,0.00116925441740747,-0.00225929464749201
"54",1,54,54,70,-0.000526475893271547,1,60,-0.001108344,50,84,"day",3,2,0.00116925441740747,-0.00169573031067902
"55",1,55,55,71,-0.00801431740309419,1,61,-0.008960562,50,84,"night",3,2,0.00116925441740747,-0.00918357182050166
"56",1,56,56,72,-0.00102141319548831,1,62,-0.001626141,50,84,"night",3,2,0.00116925441740747,-0.00219066761289578
"57",1,57,57,73,-0.00389271398637289,1,63,-0.004631996,50,84,"night",3,2,0.00116925441740747,-0.00506196840378036
"58",1,58,58,74,-0.0030741001701378,1,64,-0.003779798,50,84,"night",3,2,0.00116925441740747,-0.00424335458754527
"59",1,59,59,75,-0.00292305686956059,1,65,-0.00361363,50,84,"night",3,2,0.00116925441740747,-0.00409231128696806
"60",1,60,60,76,-0.0024944949428317,1,66,-0.003167923,50,84,"night",3,2,0.00116925441740747,-0.00366374936023917
"61",1,61,61,77,-0.00305219186289375,1,67,-0.003750531,50,84,"night",3,2,0.00116925441740747,-0.00422144628030122
"62",1,62,62,78,-0.00177400618538276,1,68,-0.0024085,50,84,"night",3,2,0.00116925441740747,-0.00294326060279023
"63",1,63,63,79,-0.00285747291438315,1,69,-0.003546737,50,84,"night",3,2,0.00116925441740747,-0.00402672733179062
"64",1,64,64,80,-0.00332004486781366,1,70,-0.004033582,50,84,"night",3,2,0.00116925441740747,-0.00448929928522113
"65",1,65,65,81,-0.00268724495714686,1,71,-0.003368328,50,84,"night",3,2,0.00116925441740747,-0.00385649937455433
"66",1,66,66,82,-0.00647612373036318,1,72,-0.00734507,50,84,"night",3,2,0.00116925441740747,-0.00764537814777065
"67",2,67,1,11,0.00927253662769755,NA,1,0.025978943,29,84,"day",1,2,-0.00058112036825186,0.00985365699594941
"68",2,68,2,12,-0.00254593556979803,NA,2,0.013572321,29,84,"day",1,2,-0.00058112036825186,-0.00196481520154617
"69",2,69,3,13,-0.00747559724030551,NA,3,0.008398455,29,84,"day",1,2,-0.00058112036825186,-0.00689447687205365
"70",2,70,4,15,-0.00549884328455807,NA,5,0.010477914,29,84,"day",1,2,-0.00058112036825186,-0.00491772291630621
"71",2,71,5,16,-0.0011642777768947,NA,6,0.015032777,29,84,"day",1,2,-0.00058112036825186,-0.00058315740864284
"72",2,72,6,17,-8.30288516592047e-06,NA,7,0.016240725,29,84,"day",1,2,-0.00058112036825186,0.00057281748308594
"73",2,73,7,18,0.00134456728486436,NA,8,0.017658412,29,84,"day",1,2,-0.00058112036825186,0.00192568765311622
"74",2,74,8,19,-0.0132642880418766,NA,9,0.002339832,29,84,"day",1,2,-0.00058112036825186,-0.0126831676736247
"75",2,75,9,20,0.000881365588043658,NA,10,0.017179709,29,84,"day",1,2,-0.00058112036825186,0.00146248595629552
"76",2,76,10,21,0.00610169192993476,NA,11,0.022652551,29,84,"day",1,2,-0.00058112036825186,0.00668281229818662
"77",2,77,11,22,-0.00602194791677977,NA,12,0.009937386,29,84,"day",1,2,-0.00058112036825186,-0.00544082754852791
"78",2,78,12,23,-0.00682500190563815,NA,13,0.009097611,29,84,"night",1,2,-0.00058112036825186,-0.00624388153738629
"79",2,79,13,24,-0.010837044436017,NA,14,0.004884101,29,84,"night",1,2,-0.00058112036825186,-0.0102559240677651
"80",2,80,14,25,-0.0029328975911618,NA,15,0.013188284,29,84,"night",1,2,-0.00058112036825186,-0.00235177722290994
"81",2,81,15,26,-0.00602122884805871,NA,16,0.009936261,29,84,"night",1,2,-0.00058112036825186,-0.00544010847980685
"82",2,82,16,27,-0.00534038881950885,NA,17,0.010655333,29,84,"night",1,2,-0.00058112036825186,-0.00475926845125699
"83",2,83,17,28,-0.00500325181277114,NA,18,0.011005887,29,84,"night",1,2,-0.00058112036825186,-0.00442213144451928
"84",2,84,18,29,-0.00521006451052312,NA,19,0.010791437,29,84,"night",1,2,-0.00058112036825186,-0.00462894414227126
"85",2,85,19,30,-0.00373097126486938,NA,20,0.012344252,29,84,"night",1,2,-0.00058112036825186,-0.00314985089661752
"86",2,86,20,31,-0.0053874452201881,NA,21,0.010603308,29,84,"night",1,2,-0.00058112036825186,-0.00480632485193624
"87",2,87,21,32,-0.00385464359821002,NA,22,0.01221209,29,84,"night",1,2,-0.00058112036825186,-0.00327352322995816
"88",2,88,22,33,-0.00196805069884664,NA,23,0.014194056,29,84,"night",1,2,-0.00058112036825186,-0.00138693033059478
"89",2,89,23,34,-0.00744497148801264,NA,24,0.008439783,29,84,"night",2,2,-0.00058112036825186,-0.00686385111976078
"90",2,90,24,36,-0.000648853636244496,NA,26,0.015566429,29,84,"day",2,2,-0.00058112036825186,-6.7733267992636e-05
"91",2,91,25,37,0.00163626294059083,NA,27,0.017967146,29,84,"day",2,2,-0.00058112036825186,0.00221738330884269
"92",2,92,26,38,-0.0082816637552144,NA,28,0.007558681,29,84,"day",2,2,-0.00058112036825186,-0.00770054338696254
"93",2,93,27,39,-0.00445197587516887,NA,29,0.011583457,29,84,"day",2,2,-0.00058112036825186,-0.00387085550691701
"94",2,94,28,40,-6.67647535759538e-05,NA,30,0.016185297,29,84,"day",2,2,-0.00058112036825186,0.000514355614675906
"95",2,95,29,41,0.00107672947158528,NA,31,0.01737698,29,84,"day",2,2,-0.00058112036825186,0.00165784983983714
"96",2,96,30,42,-0.00586719434048439,NA,32,0.010096199,29,84,"day",2,2,-0.00058112036825186,-0.00528607397223253
"97",2,97,31,44,-0.00695624169877408,NA,34,0.008950775,29,84,"day",2,2,-0.00058112036825186,-0.00637512133052222
"98",2,98,32,45,-0.00540071919784957,NA,35,0.010582665,29,84,"day",2,2,-0.00058112036825186,-0.00481959882959771
"99",2,99,33,46,-0.00491988980625639,NA,36,0.011095418,29,84,"day",2,2,-0.00058112036825186,-0.00433876943800453
"100",2,100,34,47,-0.0166077152002163,NA,37,-0.001169939,29,84,"night",2,2,-0.00058112036825186,-0.0160265948319644
"101",2,101,35,48,-0.00575846967970953,NA,38,0.01021914,29,84,"night",2,2,-0.00058112036825186,-0.00517734931145767
"102",2,102,36,49,-0.0172843890028099,NA,39,-0.001874413,29,84,"night",2,2,-0.00058112036825186,-0.016703268634558
"103",2,103,37,50,-0.0056621514973788,NA,40,0.010321442,29,84,"night",2,2,-0.00058112036825186,-0.00508103112912694
"104",2,104,38,51,-0.0162514371423743,NA,41,-0.00079042,29,84,"night",2,2,-0.00058112036825186,-0.0156703167741224
"105",2,105,39,52,-0.0070230180620455,NA,42,0.008893329,29,84,"night",2,2,-0.00058112036825186,-0.00644189769379364
"106",2,106,40,53,-0.0158010631552081,NA,43,-0.000321482,29,84,"night",2,2,-0.00058112036825186,-0.0152199427869562
"107",2,107,41,54,-0.00676536558634768,NA,44,0.009167894,29,84,"night",2,2,-0.00058112036825186,-0.00618424521809582
"108",2,108,42,55,-0.0149945795864091,NA,45,0.000526314,29,84,"night",2,2,-0.00058112036825186,-0.0144134592181572
"109",2,109,43,56,-0.0100080825983524,NA,46,0.005764689,29,84,"night",2,2,-0.00058112036825186,-0.00942696223010054
"110",2,110,44,57,-0.0121566012635464,NA,47,0.003502008,29,84,"night",2,2,-0.00058112036825186,-0.0115754808952945
"111",2,111,45,58,-0.011695295717496,NA,48,0.00398953,29,84,"night",2,2,-0.00058112036825186,-0.0111141753492441
"112",2,112,46,59,0.000685375323464936,NA,49,0.01696907,29,84,"day",3,2,-0.00058112036825186,0.0012664956917168
"113",2,113,47,60,3.44273036147322e-05,NA,50,0.016291866,29,84,"day",3,2,-0.00058112036825186,0.000615547671866592
"114",2,114,48,61,-0.00596134023489935,NA,51,0.010001212,29,84,"day",3,2,-0.00058112036825186,-0.00538021986664749
"115",2,115,49,62,-0.00797523677956199,NA,52,0.007887495,29,84,"day",3,2,-0.00058112036825186,-0.00739411641131013
"116",2,116,50,63,0.00158652036022652,NA,53,0.017923741,29,84,"day",3,2,-0.00058112036825186,0.00216764072847838
"117",2,117,51,64,-0.00525165762730216,NA,54,0.010741,29,84,"day",3,2,-0.00058112036825186,-0.0046705372590503
"118",2,118,52,65,-0.00275752736606599,NA,55,0.013366563,29,84,"day",3,2,-0.00058112036825186,-0.00217640699781413
"119",2,119,53,66,-0.00653132356893569,NA,56,0.009400172,29,84,"day",3,2,-0.00058112036825186,-0.00595020320068383
"120",2,120,54,67,-0.0123636519329258,NA,57,0.003293332,29,84,"day",3,2,-0.00058112036825186,-0.0117825315646739
"121",2,121,55,68,0.00294656225677024,NA,58,0.019340346,29,84,"day",3,2,-0.00058112036825186,0.0035276826250221
"122",2,122,56,69,-0.00466995951395669,NA,59,0.011359126,29,84,"day",3,2,-0.00058112036825186,-0.00408883914570483
"123",2,123,57,70,-0.00294769083850486,NA,60,0.013163149,29,84,"day",3,2,-0.00058112036825186,-0.002366570470253
"124",2,124,58,71,-0.013884533788522,NA,61,0.00169827,29,84,"night",3,2,-0.00058112036825186,-0.0133034134202701
"125",2,125,59,72,-0.00565589902545372,NA,62,0.010326396,29,84,"night",3,2,-0.00058112036825186,-0.00507477865720186
"126",2,126,60,73,-0.0069181384889499,NA,63,0.009000276,29,84,"night",3,2,-0.00058112036825186,-0.00633701812069804
"127",2,127,61,74,-0.00058112036825186,NA,64,0.015643397,29,84,"night",3,2,-0.00058112036825186,0
"128",2,128,62,75,-0.00850065155126823,NA,65,0.007339816,29,84,"night",3,2,-0.00058112036825186,-0.00791953118301637
"129",2,129,63,76,-0.00669425148285989,NA,66,0.009234084,29,84,"night",3,2,-0.00058112036825186,-0.00611313111460803
"130",2,130,64,77,-0.00787712148150107,NA,67,0.007994159,29,84,"night",3,2,-0.00058112036825186,-0.00729600111324921
"131",2,131,65,78,-0.00530989400179349,NA,68,0.010688885,29,84,"night",3,2,-0.00058112036825186,-0.00472877363354163
"132",2,132,66,79,-0.00583148619994898,NA,69,0.01014345,29,84,"night",3,2,-0.00058112036825186,-0.00525036583169712
"133",2,133,67,80,-0.00301217803026892,NA,70,0.01310436,29,84,"night",3,2,-0.00058112036825186,-0.00243105766201706
"134",2,134,68,81,-0.00549316047434003,NA,71,0.010498811,29,84,"night",3,2,-0.00058112036825186,-0.00491204010608817
"135",2,135,69,82,-0.00622159463861457,NA,72,0.009733021,29,84,"night",3,2,-0.00058112036825186,-0.00564047427036271
"136",3,136,1,11,0.00555995650919839,3,1,0.032699651,15,84,"day",1,2,-0.00222128579626916,0.00778124230546755
"137",3,137,2,12,-0.000517402823008281,3,2,0.026319915,15,84,"day",1,2,-0.00222128579626916,0.00170388297326088
"138",3,138,3,13,-0.00164440759347013,3,3,0.025140592,15,84,"day",1,2,-0.00222128579626916,0.00057687820279903
"139",3,139,4,15,-0.000482164475033189,3,5,0.026360408,15,84,"day",1,2,-0.00222128579626916,0.00173912132123597
"140",3,140,5,16,0.00346219373680031,3,6,0.030518653,15,84,"day",1,2,-0.00222128579626916,0.00568347953306947
"141",3,141,6,17,0.00213089920433884,3,7,0.029102492,15,84,"day",1,2,-0.00222128579626916,0.004352185000608
"142",3,142,7,18,0.0020866964235973,3,8,0.029058328,15,84,"day",1,2,-0.00222128579626916,0.00430798221986646
"143",3,143,8,19,-0.00740405793507102,3,9,0.019097462,15,84,"day",1,2,-0.00222128579626916,-0.00518277213880186
"144",3,144,9,20,0.00540873803169078,3,10,0.032542804,15,84,"day",1,2,-0.00222128579626916,0.00763002382795994
"145",3,145,10,21,0.00100110584827056,3,11,0.027916383,15,84,"day",1,2,-0.00222128579626916,0.00322239164453972
"146",3,146,11,22,0.00189957715730985,3,12,0.028861017,15,84,"day",1,2,-0.00222128579626916,0.00412086295357901
"147",3,147,12,23,-0.0145022892588692,3,13,0.01165704,15,84,"night",1,2,-0.00222128579626916,-0.0122810034626
"148",3,148,13,24,-0.00693775198675887,3,14,0.01959547,15,84,"night",1,2,-0.00222128579626916,-0.00471646619048971
"149",3,149,14,25,-0.00728785134168788,3,15,0.019227781,15,84,"night",1,2,-0.00222128579626916,-0.00506656554541872
"150",3,150,15,26,-0.00575732538942958,3,16,0.020834658,15,84,"night",1,2,-0.00222128579626916,-0.00353603959316042
"151",3,151,16,27,-0.00641980138699756,3,17,0.020138105,15,84,"night",1,2,-0.00222128579626916,-0.0041985155907284
"152",3,152,17,28,-0.0052105988315964,3,18,0.021407605,15,84,"night",1,2,-0.00222128579626916,-0.00298931303532724
"153",3,153,18,29,-0.00619862527732512,3,19,0.020371958,15,84,"night",1,2,-0.00222128579626916,-0.00397733948105596
"154",3,154,19,30,-0.00600463283552494,3,20,0.020573831,15,84,"night",1,2,-0.00222128579626916,-0.00378334703925578
"155",3,155,20,31,-0.00674097215670432,3,21,0.019800718,15,84,"night",1,2,-0.00222128579626916,-0.00451968636043516
"156",3,156,21,32,-0.00622083162380648,3,22,0.020348022,15,84,"night",1,2,-0.00222128579626916,-0.00399954582753732
"157",3,157,22,33,-0.00624326473934588,3,23,0.020325089,15,84,"night",1,2,-0.00222128579626916,-0.00402197894307672
"158",3,158,23,34,-0.00564767002476411,3,24,0.020947102,15,84,"night",2,2,-0.00222128579626916,-0.00342638422849495
"159",3,159,24,36,0.00643326258045133,3,26,0.033618159,15,84,"day",2,2,-0.00222128579626916,0.00865454837672049
"160",3,160,25,37,-0.000278216193098457,3,27,0.026574981,15,84,"day",2,2,-0.00222128579626916,0.0019430696031707
"161",3,161,26,38,-0.00391820283446304,3,28,0.02275443,15,84,"day",2,2,-0.00222128579626916,-0.00169691703819388
"162",3,162,27,39,-0.0016044665168046,3,29,0.025186598,15,84,"day",2,2,-0.00222128579626916,0.00061681927946456
"163",3,163,28,40,-0.000238623545834206,3,30,0.026618816,15,84,"day",2,2,-0.00222128579626916,0.00198266225043495
"164",3,164,29,41,-0.000507451373163283,3,31,0.026332356,15,84,"day",2,2,-0.00222128579626916,0.00171383442310588
"165",3,165,30,42,5.79680311404937e-06,3,32,0.026872607,15,84,"day",2,2,-0.00222128579626916,0.00222708259938321
"166",3,166,31,44,0.00254366619659617,3,34,0.0295341,15,84,"day",2,2,-0.00222128579626916,0.00476495199286533
"167",3,167,32,45,-0.00312666768045976,3,35,0.023583201,15,84,"day",2,2,-0.00222128579626916,-0.0009053818841906
"168",3,168,33,46,-0.00459798390070451,3,36,0.022041105,15,84,"day",2,2,-0.00222128579626916,-0.00237669810443535
"169",3,169,34,47,-0.0115464961132965,3,37,0.014760605,15,84,"night",2,2,-0.00222128579626916,-0.00932521031702734
"170",3,170,35,48,-0.00680929169409062,3,38,0.019731427,15,84,"night",2,2,-0.00222128579626916,-0.00458800589782146
"171",3,171,36,49,-0.00540091329010759,3,39,0.021209237,15,84,"night",2,2,-0.00222128579626916,-0.00317962749383843
"172",3,172,37,50,-0.00569554463769252,3,40,0.020899472,15,84,"night",2,2,-0.00222128579626916,-0.00347425884142336
"173",3,173,38,51,-0.00513897526035222,3,41,0.02148372,15,84,"night",2,2,-0.00222128579626916,-0.00291768946408306
"174",3,174,39,52,-0.00785484716541241,3,42,0.018632536,15,84,"night",2,2,-0.00222128579626916,-0.00563356136914325
"175",3,175,40,53,-0.00437098603134808,3,43,0.022289952,15,84,"night",2,2,-0.00222128579626916,-0.00214970023507892
"176",3,176,41,54,-0.00718752334827737,3,44,0.01933328,15,84,"night",2,2,-0.00222128579626916,-0.00496623755200821
"177",3,177,42,55,-0.00459470686595805,3,45,0.022056182,15,84,"night",2,2,-0.00222128579626916,-0.00237342106968889
"178",3,178,43,56,-0.00692113368156754,3,46,0.019613329,15,84,"night",2,2,-0.00222128579626916,-0.00469984788529838
"179",3,179,44,57,-0.00567440175099078,3,47,0.020922281,15,84,"night",2,2,-0.00222128579626916,-0.00345311595472162
"180",3,180,45,58,-0.00701680932897641,3,48,0.019512288,15,84,"night",2,2,-0.00222128579626916,-0.00479552353270725
"181",3,181,46,59,-0.00169969843968874,3,49,0.025083321,15,84,"day",3,2,-0.00222128579626916,0.00052158735658042
"182",3,182,47,60,0.00572357415250761,3,50,0.032875528,15,84,"day",3,2,-0.00222128579626916,0.00794485994877677
"183",3,183,48,62,-0.00405998361999888,3,52,0.022607885,15,84,"day",3,2,-0.00222128579626916,-0.00183869782372972
"184",3,184,49,63,-0.00393840671555013,3,53,0.022730412,15,84,"day",3,2,-0.00222128579626916,-0.00171712091928097
"185",3,185,50,64,0.00497504024835873,3,54,0.032089319,15,84,"day",3,2,-0.00222128579626916,0.00719632604462789
"186",3,186,51,65,1.56673730123411e-05,3,55,0.026885235,15,84,"day",3,2,-0.00222128579626916,0.0022369531692815
"187",3,187,52,66,-0.00202400047241844,3,56,0.024744505,15,84,"day",3,2,-0.00222128579626916,0.00019728532385072
"188",3,188,53,67,-0.0106275067004685,3,57,0.015722789,15,84,"day",3,2,-0.00222128579626916,-0.00840622090419934
"189",3,189,54,68,0.00112375637825079,3,58,0.028049973,15,84,"day",3,2,-0.00222128579626916,0.00334504217451995
"190",3,190,55,69,-0.00253764138011757,3,59,0.024208219,15,84,"day",3,2,-0.00222128579626916,-0.00031635558384841
"191",3,191,56,70,-0.00472115642915591,3,60,0.0219163,15,84,"day",3,2,-0.00222128579626916,-0.00249987063288675
"192",3,192,57,71,-0.00916022982900998,3,61,0.017260004,15,84,"night",3,2,-0.00222128579626916,-0.00693894403274082
"193",3,193,58,72,-0.0114054508070309,3,62,0.014920149,15,84,"night",3,2,-0.00222128579626916,-0.00918416501076174
"194",3,194,59,73,-0.00558894160473513,3,63,0.021010161,15,84,"night",3,2,-0.00222128579626916,-0.00336765580846597
"195",3,195,60,74,-0.0046986698788541,3,64,0.021945969,15,84,"night",3,2,-0.00222128579626916,-0.00247738408258494
"196",3,196,61,75,-0.0041833491099248,3,65,0.022489471,15,84,"night",3,2,-0.00222128579626916,-0.00196206331365564
"197",3,197,62,76,-0.00222128579626916,3,66,0.024546735,15,84,"night",3,2,-0.00222128579626916,0
"198",3,198,63,77,-0.00383300319441517,3,67,0.022853704,15,84,"night",3,2,-0.00222128579626916,-0.00161171739814601
"199",3,199,64,78,-0.00236650331042618,3,68,0.024393531,15,84,"night",3,2,-0.00222128579626916,-0.00014521751415702
"200",3,200,65,79,-0.00435656435037784,3,69,0.022303889,15,84,"night",3,2,-0.00222128579626916,-0.00213527855410868
"201",3,201,66,80,-0.00274500054195883,3,70,0.023995964,15,84,"night",3,2,-0.00222128579626916,-0.00052371474568967
"202",3,202,67,81,-0.0044561046740614,3,71,0.022199914,15,84,"night",3,2,-0.00222128579626916,-0.00223481887779224
"203",3,203,68,82,-0.0070848437087921,3,72,0.019442568,15,84,"night",3,2,-0.00222128579626916,-0.00486355791252294
"204",4,204,1,11,0.00470481299794864,NA,1,0.014620706,0,84,"day",1,2,-0.00057176237393552,0.00527657537188416
"205",4,205,2,12,7.55201952621758e-05,NA,2,0.009762353,0,84,"day",1,2,-0.00057176237393552,0.000647282569197696
"206",4,206,3,13,-0.00183174798564788,NA,3,0.007760375,0,84,"day",1,2,-0.00057176237393552,-0.00125998561171236
"207",4,207,4,14,-0.00202402727708894,NA,4,0.007559123,0,84,"day",1,2,-0.00057176237393552,-0.00145226490315342
"208",4,208,5,15,-0.00125531080149162,NA,5,0.00836688,0,84,"day",1,2,-0.00057176237393552,-0.0006835484275561
"209",4,209,6,16,-0.000399452979989004,NA,6,0.00926369,0,84,"day",1,2,-0.00057176237393552,0.000172309393946516
"210",4,210,7,17,0.000298352565399809,NA,7,0.009994065,0,84,"day",1,2,-0.00057176237393552,0.000870114939335329
"211",4,211,8,18,0.00157860396212056,NA,8,0.011338711,0,84,"day",1,2,-0.00057176237393552,0.00215036633605608
"212",4,212,9,19,-0.000250502047725732,NA,9,0.009419161,0,84,"day",1,2,-0.00057176237393552,0.000321260326209788
"213",4,213,10,20,0.00091484878252319,NA,10,0.010642337,0,84,"day",1,2,-0.00057176237393552,0.00148661115645871
"214",4,214,11,21,-0.000130433799961939,NA,11,0.009544323,0,84,"day",1,2,-0.00057176237393552,0.000441328573973581
"215",4,215,12,22,0.000863340137463493,NA,12,0.010587523,0,84,"day",1,2,-0.00057176237393552,0.00143510251139901
"216",4,216,13,23,-0.00587378936619072,NA,13,0.003524805,0,84,"night",1,2,-0.00057176237393552,-0.0053020269922552
"217",4,217,14,24,-0.00133849659370649,NA,14,0.008280333,0,84,"night",1,2,-0.00057176237393552,-0.00076673421977097
"218",4,218,15,25,-0.00241308235363283,NA,15,0.007154275,0,84,"night",1,2,-0.00057176237393552,-0.00184131997969731
"219",4,219,16,26,-0.00057176237393552,NA,16,0.009087194,0,84,"night",1,2,-0.00057176237393552,0
"220",4,220,17,27,-0.00202169344417202,NA,17,0.007564386,0,84,"night",1,2,-0.00057176237393552,-0.0014499310702365
"221",4,221,18,28,-0.000705356447459854,NA,18,0.008945571,0,84,"night",1,2,-0.00057176237393552,-0.000133594073524334
"222",4,222,19,29,-0.00227464885589627,NA,19,0.007299083,0,84,"night",1,2,-0.00057176237393552,-0.00170288648196075
"223",4,223,20,30,-0.000776431185626882,NA,20,0.00887222,0,84,"night",1,2,-0.00057176237393552,-0.000204668811691362
"224",4,224,21,31,-0.00236358135444924,NA,21,0.007206602,0,84,"night",1,2,-0.00057176237393552,-0.00179181898051372
"225",4,225,22,32,-0.00100574981601698,NA,22,0.008631138,0,84,"night",1,2,-0.00057176237393552,-0.00043398744208146
"226",4,226,23,33,-0.00208602979851961,NA,23,0.0074978,0,84,"night",1,2,-0.00057176237393552,-0.00151426742458409
"227",4,227,24,34,-0.0012881289071673,NA,24,0.008332713,0,84,"night",2,2,-0.00057176237393552,-0.00071636653323178
"228",4,228,25,36,0.00177128436506515,NA,26,0.011540186,0,84,"day",2,2,-0.00057176237393552,0.00234304673900067
"229",4,229,26,37,-0.000667626246337937,NA,27,0.00897997,0,84,"day",2,2,-0.00057176237393552,-9.5863872402417e-05
"230",4,230,27,38,-0.00281617151491852,NA,28,0.006725908,0,84,"day",2,2,-0.00057176237393552,-0.002244409140983
"231",4,231,28,39,-0.00130173865199034,NA,29,0.008316786,0,84,"day",2,2,-0.00057176237393552,-0.00072997627805482
"232",4,232,29,40,-0.000256324686069253,NA,30,0.00941334,0,84,"day",2,2,-0.00057176237393552,0.000315437687866267
"233",4,233,30,41,-0.000404082579066141,NA,31,0.009257325,0,84,"day",2,2,-0.00057176237393552,0.000167679794869379
"234",4,234,31,42,-0.00055103724151447,NA,32,0.009101726,0,84,"day",2,2,-0.00057176237393552,2.072513242105e-05
"235",4,235,32,44,-0.000280884009206591,NA,34,0.009384182,0,84,"day",2,2,-0.00057176237393552,0.000290878364728929
"236",4,236,33,45,-0.00229617476412846,NA,35,0.007270653,0,84,"day",2,2,-0.00057176237393552,-0.00172441239019294
"237",4,237,34,46,-0.00176727825110078,NA,36,0.007825983,0,84,"day",2,2,-0.00057176237393552,-0.00119551587716526
"238",4,238,35,47,-0.00666836476546329,NA,37,0.002690806,0,84,"night",2,2,-0.00057176237393552,-0.00609660239152777
"239",4,239,36,48,-0.00379302556671313,NA,38,0.005707419,0,84,"night",2,2,-0.00057176237393552,-0.00322126319277761
"240",4,240,37,49,-0.00193095925958126,NA,39,0.0076607,0,84,"night",2,2,-0.00057176237393552,-0.00135919688564574
"241",4,241,38,50,-0.00252212901133055,NA,40,0.007041356,0,84,"night",2,2,-0.00057176237393552,-0.00195036663739503
"242",4,242,39,51,-0.00150056000317466,NA,41,0.008113805,0,84,"night",2,2,-0.00057176237393552,-0.00092879762923914
"243",4,243,40,52,-0.00240244150440929,NA,42,0.007166101,0,84,"night",2,2,-0.00057176237393552,-0.00183067913047377
"244",4,244,41,53,-0.00125892234381453,NA,43,0.008366353,0,84,"night",2,2,-0.00057176237393552,-0.00068715996987901
"245",4,245,42,54,-0.00251792510777427,NA,44,0.007044605,0,84,"night",2,2,-0.00057176237393552,-0.00194616273383875
"246",4,246,43,55,-0.00161712722677912,NA,45,0.007990546,0,84,"night",2,2,-0.00057176237393552,-0.0010453648528436
"247",4,247,44,56,-0.00297002342303105,NA,46,0.006571665,0,84,"night",2,2,-0.00057176237393552,-0.00239826104909553
"248",4,248,45,57,-0.00232495339705038,NA,47,0.007248268,0,84,"night",2,2,-0.00057176237393552,-0.00175319102311486
"249",4,249,46,58,-0.00308424538270067,NA,48,0.006450465,0,84,"night",2,2,-0.00057176237393552,-0.00251248300876515
"250",4,250,47,59,0.00651203379187961,NA,49,0.016519132,0,84,"day",3,2,-0.00057176237393552,0.00708379616581513
"251",4,251,48,60,0.00104414290629018,NA,50,0.010776591,0,84,"day",3,2,-0.00057176237393552,0.0016159052802257
"252",4,252,49,61,3.92372086952215e-05,NA,51,0.009721037,0,84,"day",3,2,-0.00057176237393552,0.000610999582630741
"253",4,253,50,62,-0.00206054516741979,NA,52,0.00751798,0,84,"day",3,2,-0.00057176237393552,-0.00148878279348427
"254",4,254,51,63,-0.00130179069609783,NA,53,0.008314144,0,84,"day",3,2,-0.00057176237393552,-0.00073002832216231
"255",4,255,52,64,-0.000944940553680356,NA,54,0.008689706,0,84,"day",3,2,-0.00057176237393552,-0.000373178179744836
"256",4,256,53,65,-0.000492281697187375,NA,55,0.0091637,0,84,"day",3,2,-0.00057176237393552,7.9480676748145e-05
"257",4,257,54,66,-0.000589589175313571,NA,56,0.00906102,0,84,"day",3,2,-0.00057176237393552,-1.7826801378051e-05
"258",4,258,55,67,-0.00157655671069593,NA,57,0.008027159,0,84,"day",3,2,-0.00057176237393552,-0.00100479433676041
"259",4,259,56,68,0.000149283274467149,NA,58,0.009839457,0,84,"day",3,2,-0.00057176237393552,0.000721045648402669
"260",4,260,57,69,-0.000620375454112099,NA,59,0.009031057,0,84,"day",3,2,-0.00057176237393552,-4.8613080176579e-05
"261",4,261,58,70,-0.0012762529400729,NA,60,0.008343566,0,84,"day",3,2,-0.00057176237393552,-0.00070449056613738
"262",4,262,59,71,-0.00683731380638823,NA,61,0.002515393,0,84,"night",3,2,-0.00057176237393552,-0.00626555143245271
"263",4,263,60,72,-0.00395288053640628,NA,62,0.005539869,0,84,"night",3,2,-0.00057176237393552,-0.00338111816247076
"264",4,264,61,73,-0.00368783896607379,NA,63,0.005818532,0,84,"night",3,2,-0.00057176237393552,-0.00311607659213827
"265",4,265,62,74,-0.00262262266599973,NA,64,0.006937612,0,84,"night",3,2,-0.00057176237393552,-0.00205086029206421
"266",4,266,63,75,-0.00278105429071673,NA,65,0.006772513,0,84,"night",3,2,-0.00057176237393552,-0.00220929191678121
"267",4,267,64,76,-0.00170983060579217,NA,66,0.007892995,0,84,"night",3,2,-0.00057176237393552,-0.00113806823185665
"268",4,268,65,77,-0.00286585872612329,NA,67,0.006681117,0,84,"night",3,2,-0.00057176237393552,-0.00229409635218777
"269",4,269,66,78,-0.00185651271905542,NA,68,0.007740923,0,84,"night",3,2,-0.00057176237393552,-0.0012847503451199
"270",4,270,67,79,-0.00313917529125676,NA,69,0.006395543,0,84,"night",3,2,-0.00057176237393552,-0.00256741291732124
"271",4,271,68,80,-0.00238604392838689,NA,70,0.007184841,0,84,"night",3,2,-0.00057176237393552,-0.00181428155445137
"272",4,272,69,81,-0.00312300151772058,NA,71,0.006410537,0,84,"night",3,2,-0.00057176237393552,-0.00255123914378506
"273",4,273,70,82,-0.00291224730081498,NA,72,0.006632389,0,84,"night",3,2,-0.00057176237393552,-0.00234048492687946
"274",5,274,1,11,0.00250307444224368,5,1,0.013313156,29,90,"day",1,2,-0.000151932001791145,0.00265500644403483
"275",5,275,2,12,-0.00238445967403782,5,2,0.008179572,29,90,"day",1,2,-0.000151932001791145,-0.00223252767224668
"276",5,276,3,13,-0.0014789009800359,5,3,0.009127879,29,90,"day",1,2,-0.000151932001791145,-0.00132696897824476
"277",5,277,4,15,-0.000854140659715299,5,5,0.009790743,29,90,"day",1,2,-0.000151932001791145,-0.000702208657924154
"278",5,278,5,16,-0.00125937822173797,5,6,0.009359816,29,90,"day",1,2,-0.000151932001791145,-0.00110744621994683
"279",5,279,6,17,0.000992266392348518,5,7,0.011722725,29,90,"day",1,2,-0.000151932001791145,0.00114419839413966
"280",5,280,7,18,0.000110143495162873,5,8,0.01079969,29,90,"day",1,2,-0.000151932001791145,0.000262075496954018
"281",5,281,8,19,-0.00222807546362979,5,9,0.008345608,29,90,"day",1,2,-0.000151932001791145,-0.00207614346183864
"282",5,282,9,20,0.00631236121540746,5,10,0.017326983,29,90,"day",1,2,-0.000151932001791145,0.0064642932171986
"283",5,283,10,21,0.00231904816096167,5,11,0.013116368,29,90,"day",1,2,-0.000151932001791145,0.00247098016275281
"284",5,284,11,22,-0.00285139102737071,5,12,0.00769172,29,90,"day",1,2,-0.000151932001791145,-0.00269945902557956
"285",5,285,12,23,-0.00879817082609213,5,13,0.00145633,29,90,"night",1,2,-0.000151932001791145,-0.00864623882430098
"286",5,286,13,24,-0.00239053285654713,5,14,0.008183698,29,90,"night",1,2,-0.000151932001791145,-0.00223860085475599
"287",5,287,14,25,-0.00102206066171813,5,15,0.00961789,29,90,"night",1,2,-0.000151932001791145,-0.000870128659926985
"288",5,288,15,26,-0.00573875273237306,5,16,0.00466533,29,90,"night",1,2,-0.000151932001791145,-0.00558682073058192
"289",5,289,16,27,-0.00216808522681355,5,17,0.008414812,29,90,"night",1,2,-0.000151932001791145,-0.0020161532250224
"290",5,290,17,28,-0.00580160858415115,5,18,0.00459772,29,90,"night",1,2,-0.000151932001791145,-0.00564967658236
"291",5,291,18,29,-0.002838808009973,5,19,0.00771241,29,90,"night",1,2,-0.000151932001791145,-0.00268687600818185
"292",5,292,19,30,-0.00427507245883094,5,20,0.006201393,29,90,"night",1,2,-0.000151932001791145,-0.0041231404570398
"293",5,293,20,31,-0.00349981717528668,5,21,0.007018254,29,90,"night",1,2,-0.000151932001791145,-0.00334788517349553
"294",5,294,21,32,-0.00348220641519713,5,22,0.007032234,29,90,"night",1,2,-0.000151932001791145,-0.00333027441340599
"295",5,295,22,33,-0.00399521236579129,5,23,0.006499023,29,90,"night",1,2,-0.000151932001791145,-0.00384328036400015
"296",5,296,23,34,-0.00421456613577,5,24,0.00625354,29,90,"night",2,2,-0.000151932001791145,-0.00406263413397885
"297",5,297,24,35,0.00123061342461882,5,25,0.011978458,29,90,"day",2,2,-0.000151932001791145,0.00138254542640996
"298",5,298,25,37,-0.00483779516422454,5,27,0.005605792,29,90,"day",2,2,-0.000151932001791145,-0.0046858631624334
"299",5,299,26,38,-0.00652653513619784,5,28,0.003832111,29,90,"day",2,2,-0.000151932001791145,-0.0063746031344067
"300",5,300,27,39,-0.00145589192762834,5,29,0.00915552,29,90,"day",2,2,-0.000151932001791145,-0.0013039599258372
"301",5,301,28,40,0.000765131951944702,5,30,0.011485691,29,90,"day",2,2,-0.000151932001791145,0.000917063953735847
"302",5,302,29,41,-0.00249838220982941,5,31,0.008064149,29,90,"day",2,2,-0.000151932001791145,-0.00234645020803826
"303",5,303,30,42,-0.000663945581874035,5,32,0.009985235,29,90,"day",2,2,-0.000151932001791145,-0.00051201358008289
"304",5,304,31,43,-0.00129233251740025,5,33,0.009328726,29,90,"day",2,2,-0.000151932001791145,-0.0011404005156091
"305",5,305,32,44,0.000238619820409509,5,34,0.010937793,29,90,"day",2,2,-0.000151932001791145,0.000390551822200654
"306",5,306,33,45,-0.00237729300017675,5,35,0.008188627,29,90,"day",2,2,-0.000151932001791145,-0.0022253609983856
"307",5,307,34,46,-0.0051029467461172,5,36,0.005327905,29,90,"day",2,2,-0.000151932001791145,-0.00495101474432605
"308",5,308,35,47,-0.00737316857274148,5,37,0.002952062,29,90,"night",2,2,-0.000151932001791145,-0.00722123657095034
"309",5,309,36,48,-0.00505134885876091,5,38,0.005390316,29,90,"night",2,2,-0.000151932001791145,-0.00489941685696977
"310",5,310,37,49,-0.0070541409504411,5,39,0.003286572,29,90,"night",2,2,-0.000151932001791145,-0.00690220894864996
"311",5,311,38,50,-0.00348132028960709,5,40,0.007036523,29,90,"night",2,2,-0.000151932001791145,-0.00332938828781595
"312",5,312,39,51,-0.00696506622496449,5,41,0.003384601,29,90,"night",2,2,-0.000151932001791145,-0.00681313422317335
"313",5,313,40,52,-0.000151932001791145,5,42,0.010534668,29,90,"night",2,2,-0.000151932001791145,0
"314",5,314,41,53,-0.00404347590183846,5,43,0.006450597,29,90,"night",2,2,-0.000151932001791145,-0.00389154390004732
"315",5,315,42,54,-0.00582234475641897,5,44,0.004584401,29,90,"night",2,2,-0.000151932001791145,-0.00567041275462783
"316",5,316,43,55,-0.00831763276630471,5,45,0.00196909,29,90,"night",2,2,-0.000151932001791145,-0.00816570076451356
"317",5,317,44,56,-0.00545728270028619,5,46,0.004970078,29,90,"night",2,2,-0.000151932001791145,-0.00530535069849505
"318",5,318,45,57,-0.00856723493518419,5,47,0.001707163,29,90,"night",2,2,-0.000151932001791145,-0.00841530293339304
"319",5,319,46,58,-0.00512646765368342,5,48,0.005315644,29,90,"night",2,2,-0.000151932001791145,-0.00497453565189227
"320",5,320,47,59,-0.00318515686347083,5,49,0.007351091,29,90,"day",3,2,-0.000151932001791145,-0.00303322486167969
"321",5,321,48,61,-0.00856808901933069,5,51,0.001698496,29,90,"day",3,2,-0.000151932001791145,-0.00841615701753954
"322",5,322,49,62,-0.00583427750472222,5,52,0.004564592,29,90,"day",3,2,-0.000151932001791145,-0.00568234550293108
"323",5,323,50,63,-0.00628746173906209,5,53,0.004092618,29,90,"day",3,2,-0.000151932001791145,-0.00613552973727094
"324",5,324,51,64,-0.00494333851157397,5,54,0.005501508,29,90,"day",3,2,-0.000151932001791145,-0.00479140650978283
"325",5,325,52,65,-0.00439403119948621,5,55,0.006080024,29,90,"day",3,2,-0.000151932001791145,-0.00424209919769507
"326",5,326,53,66,-0.00577855866667683,5,56,0.004623933,29,90,"day",3,2,-0.000151932001791145,-0.00562662666488568
"327",5,327,54,67,-0.00131191679231221,5,57,0.009312869,29,90,"day",3,2,-0.000151932001791145,-0.00115998479052107
"328",5,328,55,68,-0.0013820083548255,5,58,0.009251789,29,90,"day",3,2,-0.000151932001791145,-0.00123007635303436
"329",5,329,56,69,-0.00222223384274474,5,59,0.008352229,29,90,"day",3,2,-0.000151932001791145,-0.0020703018409536
"330",5,330,57,70,-0.000847535763581057,5,60,0.00980133,29,90,"day",3,2,-0.000151932001791145,-0.000695603761789912
"331",5,331,58,71,-0.00803640522437746,5,61,0.002258839,29,90,"night",3,2,-0.000151932001791145,-0.00788447322258631
"332",5,332,59,72,-0.00362868146352598,5,62,0.006883178,29,90,"night",3,2,-0.000151932001791145,-0.00347674946173484
"333",5,333,60,73,-0.00490218343474107,5,63,0.005551201,29,90,"night",3,2,-0.000151932001791145,-0.00475025143294992
"334",5,334,61,74,-0.00482243461925845,5,64,0.005634349,29,90,"night",3,2,-0.000151932001791145,-0.0046705026174673
"335",5,335,62,75,-0.00749523467435749,5,65,0.002834798,29,90,"night",3,2,-0.000151932001791145,-0.00734330267256634
"336",5,336,63,76,-0.0086748039311466,5,66,0.001591188,29,90,"night",3,2,-0.000151932001791145,-0.00852287192935546
"337",5,337,64,77,-0.00571938362628259,5,67,0.004696947,29,90,"night",3,2,-0.000151932001791145,-0.00556745162449144
"338",5,338,65,78,-0.00894771083946922,5,68,0.001306122,29,90,"night",3,2,-0.000151932001791145,-0.00879577883767807
"339",5,339,66,79,-0.00539757182148872,5,69,0.005034277,29,90,"night",3,2,-0.000151932001791145,-0.00524563981969758
"340",5,340,67,80,-0.00883042733266859,5,70,0.001429783,29,90,"night",3,2,-0.000151932001791145,-0.00867849533087744
"341",5,341,68,81,-0.00535899483709139,5,71,0.00507317,29,90,"night",3,2,-0.000151932001791145,-0.00520706283530024
"342",5,342,69,82,-0.0110768242726118,5,72,-0.000926118,29,90,"night",3,2,-0.000151932001791145,-0.0109248922708207
"343",6,343,1,11,0.00076679104290645,6,1,0.011835975,50,90,"day",1,2,0.00319633721918316,-0.00242954617627671
"344",6,344,2,12,-0.00681990495988315,6,2,0.003875699,50,90,"day",1,2,0.00319633721918316,-0.0100162421790663
"345",6,345,3,13,-0.0032487681757009,6,3,0.007622807,50,90,"day",1,2,0.00319633721918316,-0.00644510539488406
"346",6,346,4,15,-0.000219889329631849,6,5,0.010805041,50,90,"day",1,2,0.00319633721918316,-0.00341622654881501
"347",6,347,5,16,-0.00216141159401895,6,6,0.008766469,50,90,"day",1,2,0.00319633721918316,-0.00535774881320211
"348",6,348,6,17,-0.000678852715580061,6,7,0.010320095,50,90,"day",1,2,0.00319633721918316,-0.00387518993476322
"349",6,349,7,18,0.000670159582370954,6,8,0.011741689,50,90,"day",1,2,0.00319633721918316,-0.00252617763681221
"350",6,350,8,19,-0.00224887198718182,6,9,0.008676144,50,90,"day",1,2,0.00319633721918316,-0.00544520920636498
"351",6,351,9,21,0.00135790506214269,6,11,0.012462024,50,90,"day",1,2,0.00319633721918316,-0.00183843215704047
"352",6,352,10,22,-0.00248250499140459,6,12,0.008431476,50,90,"day",1,2,0.00319633721918316,-0.00567884221058775
"353",6,353,11,23,-0.0118439498435299,6,13,-0.001387096,50,90,"night",1,2,0.00319633721918316,-0.0150402870627131
"354",6,354,12,24,-0.00584657505681751,6,14,0.004913696,50,90,"night",1,2,0.00319633721918316,-0.00904291227600067
"355",6,355,13,25,-0.00390637006743231,6,15,0.00694711,50,90,"night",1,2,0.00319633721918316,-0.00710270728661547
"356",6,356,14,26,-0.00541829930622242,6,16,0.005351062,50,90,"night",1,2,0.00319633721918316,-0.00861463652540558
"357",6,357,15,27,-0.00258488555701956,6,17,0.008327219,50,90,"night",1,2,0.00319633721918316,-0.00578122277620272
"358",6,358,16,28,-0.00698200801199928,6,18,0.003711385,50,90,"night",1,2,0.00319633721918316,-0.0101783452311824
"359",6,359,17,29,-0.00206474880266425,6,19,0.008877469,50,90,"night",1,2,0.00319633721918316,-0.00526108602184741
"360",6,360,18,30,-0.00515845131363315,6,20,0.00562467,50,90,"night",1,2,0.00319633721918316,-0.00835478853281631
"361",6,361,19,31,-0.00244629230974991,6,21,0.00847161,50,90,"night",1,2,0.00319633721918316,-0.00564262952893307
"362",6,362,20,32,-0.00367768842373326,6,22,0.007178572,50,90,"night",1,2,0.00319633721918316,-0.00687402564291642
"363",6,363,21,33,-0.00428885695059929,6,23,0.006538184,50,90,"night",1,2,0.00319633721918316,-0.00748519416978245
"364",6,364,22,34,-0.00346093184198353,6,24,0.007403146,50,90,"night",2,2,0.00319633721918316,-0.00665726906116669
"365",6,365,23,35,0.000547519556134666,6,25,0.011612661,50,90,"day",2,2,0.00319633721918316,-0.00264881766304849
"366",6,366,24,36,-0.0144963783444978,6,26,-0.004197728,50,90,"day",2,2,0.00319633721918316,-0.017692715563681
"367",6,367,25,37,-0.0169318147147444,6,27,-0.006737646,50,90,"day",2,2,0.00319633721918316,-0.0201281519339276
"368",6,368,26,38,-0.0162729303080737,6,28,-0.006049777,50,90,"day",2,2,0.00319633721918316,-0.0194692675272569
"369",6,369,27,39,-0.00222876229990047,6,29,0.008698912,50,90,"day",2,2,0.00319633721918316,-0.00542509951908363
"370",6,370,28,40,-0.00032128294104701,6,30,0.010682651,50,90,"day",2,2,0.00319633721918316,-0.00351762016023017
"371",6,371,29,41,-0.00162105733161043,6,31,0.009335104,50,90,"day",2,2,0.00319633721918316,-0.00481739455079359
"372",6,372,30,42,0.000165755686728837,6,32,0.011203909,50,90,"day",2,2,0.00319633721918316,-0.00303058153245432
"373",6,373,31,43,-0.000424123270286319,6,33,0.010592081,50,90,"day",2,2,0.00319633721918316,-0.00362046048946948
"374",6,374,32,44,-0.000545414468023248,6,34,0.010466201,50,90,"day",2,2,0.00319633721918316,-0.00374175168720641
"375",6,375,33,45,-0.00137040997805464,6,35,0.009598007,50,90,"day",2,2,0.00319633721918316,-0.0045667471972378
"376",6,376,34,46,-0.0033501814050639,6,36,0.007517578,50,90,"day",2,2,0.00319633721918316,-0.00654651862424706
"377",6,377,35,47,-0.0027482492125425,6,37,0.008151859,50,90,"night",2,2,0.00319633721918316,-0.00594458643172566
"378",6,378,36,48,-0.00296271692988454,6,38,0.00792932,50,90,"night",2,2,0.00319633721918316,-0.0061590541490677
"379",6,379,37,49,-0.0045023879499368,6,39,0.006316012,50,90,"night",2,2,0.00319633721918316,-0.00769872516911996
"380",6,380,38,50,-0.00265625970120854,6,40,0.008254619,50,90,"night",2,2,0.00319633721918316,-0.0058525969203917
"381",6,381,39,51,-0.00606524442180877,6,41,0.004675568,50,90,"night",2,2,0.00319633721918316,-0.00926158164099193
"382",6,382,40,52,0.00319633721918316,6,42,0.014395953,50,90,"night",2,2,0.00319633721918316,0
"383",6,383,41,53,-0.00137950197240811,6,43,0.009593791,50,90,"night",2,2,0.00319633721918316,-0.00457583919159127
"384",6,384,42,54,-0.00271062472900097,6,44,0.00819629,50,90,"night",2,2,0.00319633721918316,-0.00590696194818413
"385",6,385,43,55,-0.0063350046883393,6,45,0.004398695,50,90,"night",2,2,0.00319633721918316,-0.00953134190752246
"386",6,386,44,56,-0.00252680445360283,6,46,0.008393637,50,90,"night",2,2,0.00319633721918316,-0.00572314167278599
"387",6,387,45,57,-0.00671796453994583,6,47,0.003992777,50,90,"night",2,2,0.00319633721918316,-0.00991430175912899
"388",6,388,46,58,-0.00379329019414133,6,48,0.007057784,50,90,"night",2,2,0.00319633721918316,-0.00698962741332449
"389",6,389,47,59,-0.00309478846788457,6,49,0.007791786,50,90,"day",3,2,0.00319633721918316,-0.00629112568706773
"390",6,390,48,61,-0.00702020246259316,6,51,0.003667428,50,90,"day",3,2,0.00319633721918316,-0.0102165396817763
"391",6,391,49,62,-0.00375121014302903,6,52,0.007099062,50,90,"day",3,2,0.00319633721918316,-0.00694754736221219
"392",6,392,50,63,-0.00445857470553098,6,53,0.006355636,50,90,"day",3,2,0.00319633721918316,-0.00765491192471414
"393",6,393,51,64,-0.00195182801065985,6,54,0.008987833,50,90,"day",3,2,0.00319633721918316,-0.00514816522984301
"394",6,394,52,65,-0.00299037395983435,6,55,0.007899151,50,90,"day",3,2,0.00319633721918316,-0.00618671117901751
"395",6,395,53,66,-0.00326544338617636,6,56,0.007606176,50,90,"day",3,2,0.00319633721918316,-0.00646178060535952
"396",6,396,54,67,0.00119612108558099,6,57,0.012293225,50,90,"day",3,2,0.00319633721918316,-0.00200021613360217
"397",6,397,55,68,-0.00406307259488121,6,58,0.006789248,50,90,"day",3,2,0.00319633721918316,-0.00725940981406437
"398",6,398,56,69,-0.00128563042968829,6,59,0.009683686,50,90,"day",3,2,0.00319633721918316,-0.00448196764887145
"399",6,399,57,70,-2.8876348823381e-05,6,60,0.011009339,50,90,"day",3,2,0.00319633721918316,-0.00322521356800654
"400",6,400,58,71,-0.00597243178060612,6,61,0.004772826,50,90,"night",3,2,0.00319633721918316,-0.00916876899978928
"401",6,401,59,72,-0.00107635977596637,6,62,0.009908793,50,90,"night",3,2,0.00319633721918316,-0.00427269699514953
"402",6,402,60,73,-0.00266552600803589,6,63,0.008241923,50,90,"night",3,2,0.00319633721918316,-0.00586186322721905
"403",6,403,61,74,-0.00476188065950098,6,64,0.006036394,50,90,"night",3,2,0.00319633721918316,-0.00795821787868414
"404",6,404,62,75,-0.00638567931530012,6,65,0.004340745,50,90,"night",3,2,0.00319633721918316,-0.00958201653448328
"405",6,405,63,76,-0.00654164969918291,6,66,0.004171167,50,90,"night",3,2,0.00319633721918316,-0.00973798691836607
"406",6,406,64,77,-0.00198886647205254,6,67,0.008953434,50,90,"night",3,2,0.00319633721918316,-0.0051852036912357
"407",6,407,65,78,-0.00633813108989204,6,68,0.004386304,50,90,"night",3,2,0.00319633721918316,-0.0095344683090752
"408",6,408,66,79,-0.00170931301986947,6,69,0.009248396,50,90,"night",3,2,0.00319633721918316,-0.00490565023905263
"409",6,409,67,80,-0.00535018975766191,6,70,0.005424188,50,90,"night",3,2,0.00319633721918316,-0.00854652697684507
"410",6,410,68,81,-0.00169747865474042,6,71,0.009259657,50,90,"night",3,2,0.00319633721918316,-0.00489381587392358
"411",6,411,69,82,-0.00447999044483482,6,72,0.00633171,50,90,"night",3,2,0.00319633721918316,-0.00767632766401798
"412",7,412,1,12,-0.00969746592421429,7,2,-0.022659059,15,90,"day",1,2,-0.0085441115970936,-0.00115335432712069
"413",7,413,2,13,-0.0137995421340359,7,3,0.025703305,15,90,"day",1,2,-0.0085441115970936,-0.0052554305369423
"414",7,414,3,14,-0.00526362510139785,7,4,0.015058981,15,90,"day",1,2,-0.0085441115970936,0.00328048649569575
"415",7,415,4,15,-0.000841111361327905,7,5,0.018382855,15,90,"day",1,2,-0.0085441115970936,0.0077030002357657
"416",7,416,5,16,-0.00252980370012594,7,6,0.016241841,15,90,"day",1,2,-0.0085441115970936,0.00601430789696766
"417",7,417,6,17,-0.00352354771797613,7,7,0.017696308,15,90,"day",1,2,-0.0085441115970936,0.00502056387911747
"418",7,418,7,18,-0.00312860785645921,7,8,0.018682209,15,90,"day",1,2,-0.0085441115970936,0.00541550374063439
"419",7,419,8,19,-0.00398491594463345,7,9,0.014452402,15,90,"day",1,2,-0.0085441115970936,0.00455919565246015
"420",7,420,9,21,-0.000670611605877883,7,11,0.020340304,15,90,"day",1,2,-0.0085441115970936,0.00787349999121572
"421",7,421,10,22,-0.00480343082088693,7,12,0.019780488,15,90,"day",1,2,-0.0085441115970936,0.00374068077620667
"422",7,422,11,23,-0.0171138277221198,7,13,0.022672796,15,90,"night",1,2,-0.0085441115970936,-0.0085697161250262
"423",7,423,12,24,-0.0143601690184661,7,14,0.018876126,15,90,"night",1,2,-0.0085441115970936,-0.0058160574213725
"424",7,424,13,25,-0.0112582691000086,7,15,0.009577893,15,90,"night",1,2,-0.0085441115970936,-0.002714157502915
"425",7,425,14,26,-0.0111212181145675,7,16,0.013901925,15,90,"night",1,2,-0.0085441115970936,-0.0025771065174739
"426",7,426,15,27,-0.0085441115970936,7,17,0.013143495,15,90,"night",1,2,-0.0085441115970936,0
"427",7,427,16,28,-0.00987603277583741,7,18,0.012037796,15,90,"night",1,2,-0.0085441115970936,-0.00133192117874381
"428",7,428,17,29,-0.0106362497998442,7,19,0.012457769,15,90,"night",1,2,-0.0085441115970936,-0.0020921382027506
"429",7,429,18,30,-0.00870971590846388,7,20,0.011889353,15,90,"night",1,2,-0.0085441115970936,-0.00016560431137028
"430",7,430,19,31,-0.0101886526369078,7,21,0.012456782,15,90,"night",1,2,-0.0085441115970936,-0.0016445410398142
"431",7,431,20,32,-0.0102479634334749,7,22,0.013703417,15,90,"night",1,2,-0.0085441115970936,-0.0017038518363813
"432",7,432,21,33,-0.00962107898051971,7,23,0.012724853,15,90,"night",1,2,-0.0085441115970936,-0.00107696738342611
"433",7,433,22,34,-0.00941889800616873,7,24,0.010641905,15,90,"night",2,2,-0.0085441115970936,-0.00087478640907513
"434",7,434,23,35,0.0011350278934514,7,25,0.012227435,15,90,"day",2,2,-0.0085441115970936,0.009679139490545
"435",7,435,24,37,-0.0018376713126899,7,27,0.01929276,15,90,"day",2,2,-0.0085441115970936,0.0067064402844037
"436",7,436,25,38,-0.00371661756698643,7,28,0.014852945,15,90,"day",2,2,-0.0085441115970936,0.00482749403010717
"437",7,437,26,39,-0.00112414973848643,7,29,0.02044901,15,90,"day",2,2,-0.0085441115970936,0.00741996185860717
"438",7,438,27,40,-0.00129394996015766,7,30,0.014795727,15,90,"day",2,2,-0.0085441115970936,0.00725016163693594
"439",7,439,28,41,-0.00276964511260423,7,31,0.017275153,15,90,"day",2,2,-0.0085441115970936,0.00577446648448937
"440",7,440,29,42,-0.0032683192831531,7,32,0.007758445,15,90,"day",2,2,-0.0085441115970936,0.0052757923139405
"441",7,441,30,43,-0.00430402099827931,7,33,0.01751458,15,90,"day",2,2,-0.0085441115970936,0.00424009059881429
"442",7,442,31,45,-0.000865488026434916,7,35,0.012636396,15,90,"day",2,2,-0.0085441115970936,0.00767862357065868
"443",7,443,32,46,-0.00768508758654102,7,36,0.01721351,15,90,"day",2,2,-0.0085441115970936,0.00085902401055258
"444",7,444,33,47,-0.0362337247368073,7,37,0.016390476,15,90,"night",2,2,-0.0085441115970936,-0.0276896131397137
"445",7,445,34,48,-0.0283408068505888,7,38,0.018036172,15,90,"night",2,2,-0.0085441115970936,-0.0197966952534952
"446",7,446,35,49,-0.0106592931040979,7,39,0.010412542,15,90,"night",2,2,-0.0085441115970936,-0.0021151815070043
"447",7,447,36,50,-0.011333065048184,7,40,0.009073242,15,90,"night",2,2,-0.0085441115970936,-0.0027889534510904
"448",7,448,37,51,-0.0118893774192213,7,41,0.001479429,15,90,"night",2,2,-0.0085441115970936,-0.0033452658221277
"449",7,449,38,52,-0.0133938877267886,7,42,-0.000379137,15,90,"night",2,2,-0.0085441115970936,-0.004849776129695
"450",7,450,39,53,-0.0120641955198201,7,43,-0.000897258,15,90,"night",2,2,-0.0085441115970936,-0.0035200839227265
"451",7,451,40,54,-0.0125668145412097,7,44,0.00087354,15,90,"night",2,2,-0.0085441115970936,-0.0040227029441161
"452",7,452,41,55,-0.0137811543469034,7,45,0.000298961,15,90,"night",2,2,-0.0085441115970936,-0.0052370427498098
"453",7,453,42,56,-0.0130877161691278,7,46,-0.000523478,15,90,"night",2,2,-0.0085441115970936,-0.0045436045720342
"454",7,454,43,57,-0.0139917630787518,7,47,-0.001553104,15,90,"night",2,2,-0.0085441115970936,-0.0054476514816582
"455",7,455,44,58,-0.0134136289404872,7,48,-9.18e-05,15,90,"night",2,2,-0.0085441115970936,-0.0048695173433936
"456",7,456,45,59,-0.000994756145936876,7,49,0.000257425,15,90,"day",3,2,-0.0085441115970936,0.00754935545115672
"457",7,457,46,60,-0.0103282222432355,7,50,-0.000440399,15,90,"day",3,2,-0.0085441115970936,-0.0017841106461419
"458",7,458,47,61,-0.0150706640938898,7,51,0.01835822,15,90,"day",3,2,-0.0085441115970936,-0.0065265524967962
"459",7,459,48,62,-0.0198052656702651,7,52,0.01386201,15,90,"day",3,2,-0.0085441115970936,-0.0112611540731715
"460",7,460,49,63,-0.0221963027326155,7,53,0.008335008,15,90,"day",3,2,-0.0085441115970936,-0.0136521911355219
"461",7,461,50,64,-0.00169768681093525,7,54,0.004673036,15,90,"day",3,2,-0.0085441115970936,0.00684642478615835
"462",7,462,51,65,-0.00320302724945328,7,55,0.005933986,15,90,"day",3,2,-0.0085441115970936,0.00534108434764032
"463",7,463,52,66,-0.00338986582216063,7,56,0.005182982,15,90,"day",3,2,-0.0085441115970936,0.00515424577493297
"464",7,464,53,67,-0.0022254913836694,7,57,0.014048376,15,90,"day",3,2,-0.0085441115970936,0.0063186202134242
"465",7,465,54,68,-0.0069131002429616,7,58,0.012588309,15,90,"day",3,2,-0.0085441115970936,0.001631011354132
"466",7,466,55,69,-0.00242085938014484,7,59,0.011945502,15,90,"day",3,2,-0.0085441115970936,0.00612325221694876
"467",7,467,56,70,-0.00835835138065719,7,60,0.002602678,15,90,"day",3,2,-0.0085441115970936,0.000185760216436411
"468",7,468,57,71,-0.0245822644623514,7,61,0.003121863,15,90,"night",3,2,-0.0085441115970936,-0.0160381528652578
"469",7,469,58,72,-0.0214514384945415,7,62,0.00339721,15,90,"night",3,2,-0.0085441115970936,-0.0129073268974479
"470",7,470,59,73,-0.0169083946514429,7,63,-0.040413468,15,90,"night",3,2,-0.0085441115970936,-0.0083642830543493
"471",7,471,60,74,-0.0185316940158102,7,64,-0.03625891,15,90,"night",3,2,-0.0085441115970936,-0.0099875824187166
"472",7,472,61,75,-0.0334227580213152,7,65,-0.019558499,15,90,"night",3,2,-0.0085441115970936,-0.0248786464242216
"473",7,473,62,76,-0.0364547580251774,7,66,-0.013409961,15,90,"night",3,2,-0.0085441115970936,-0.0279106464280838
"474",7,474,63,77,-0.0368654764058065,7,67,-0.014984578,15,90,"night",3,2,-0.0085441115970936,-0.0283213648087129
"475",7,475,64,78,-0.037975569013815,7,68,-0.024018462,15,90,"night",3,2,-0.0085441115970936,-0.0294314574167214
"476",7,476,65,79,-0.0384496598310935,7,69,-0.020549293,15,90,"night",3,2,-0.0085441115970936,-0.0299055482339999
"477",7,477,66,80,-0.0386410406006667,7,70,-0.020712863,15,90,"night",3,2,-0.0085441115970936,-0.0300969290035731
"478",7,478,67,81,-0.0385587417769139,7,71,-0.019241687,15,90,"night",3,2,-0.0085441115970936,-0.0300146301798203
"479",8,479,1,11,-0.00562461815270372,NA,1,-0.010521819,0,90,"day",1,2,-0.00225296293812593,-0.00337165521457779
"480",8,480,2,12,-0.00806951372240971,NA,2,-0.013095089,0,90,"day",1,2,-0.00225296293812593,-0.00581655078428378
"481",8,481,3,13,-0.00747989639592915,NA,3,-0.012476502,0,90,"day",1,2,-0.00225296293812593,-0.00522693345780322
"482",8,482,4,14,-0.00424043789187997,NA,4,-0.009076879,0,90,"day",1,2,-0.00225296293812593,-0.00198747495375404
"483",8,483,5,15,-0.00200239253068438,NA,5,-0.006729749,0,90,"day",1,2,-0.00225296293812593,0.00025057040744155
"484",8,484,6,16,-0.00326563726751586,NA,6,-0.00805595,0,90,"day",1,2,-0.00225296293812593,-0.00101267432938993
"485",8,485,7,17,-0.00222047461953083,NA,7,-0.006960546,0,90,"day",1,2,-0.00225296293812593,3.24883185951002e-05
"486",8,486,8,18,-0.0024295405163308,NA,8,-0.007178674,0,90,"day",1,2,-0.00225296293812593,-0.00017657757820487
"487",8,487,9,19,-0.00280661939387548,NA,9,-0.007579474,0,90,"day",1,2,-0.00225296293812593,-0.00055365645574955
"488",8,488,10,20,0.00511340793675705,NA,10,0.000756208,0,90,"day",1,2,-0.00225296293812593,0.00736637087488298
"489",8,489,11,21,0.00394165687786694,NA,11,-0.000491681,0,90,"day",1,2,-0.00225296293812593,0.00619461981599287
"490",8,490,12,22,-0.00156425106831538,NA,12,-0.006271727,0,90,"day",1,2,-0.00225296293812593,0.00068871186981055
"491",8,491,13,23,-0.00943602604267113,NA,13,-0.014522475,0,90,"night",1,2,-0.00225296293812593,-0.0071830631045452
"492",8,492,14,24,-0.00642237236943703,NA,14,-0.011360401,0,90,"night",1,2,-0.00225296293812593,-0.0041694094313111
"493",8,493,15,25,-0.00418641998263146,NA,15,-0.009017426,0,90,"night",1,2,-0.00225296293812593,-0.00193345704450553
"494",8,494,16,26,-0.00487435167952772,NA,16,-0.00973984,0,90,"night",1,2,-0.00225296293812593,-0.00262138874140179
"495",8,495,17,27,-0.00467528068556871,NA,17,-0.009528963,0,90,"night",1,2,-0.00225296293812593,-0.00242231774744278
"496",8,496,18,28,-0.00465611324442913,NA,18,-0.009512486,0,90,"night",1,2,-0.00225296293812593,-0.0024031503063032
"497",8,497,19,29,-0.00473074355329976,NA,19,-0.009586836,0,90,"night",1,2,-0.00225296293812593,-0.00247778061517383
"498",8,498,20,30,-0.00478834728547356,NA,20,-0.009649727,0,90,"night",1,2,-0.00225296293812593,-0.00253538434734763
"499",8,499,21,31,-0.0058600334634398,NA,21,-0.010774668,0,90,"night",1,2,-0.00225296293812593,-0.00360707052531387
"500",8,500,22,32,-0.00495692273593357,NA,22,-0.009826809,0,90,"night",1,2,-0.00225296293812593,-0.00270395979780764
"501",8,501,23,33,-0.00519021837107508,NA,23,-0.010071828,0,90,"night",1,2,-0.00225296293812593,-0.00293725543294915
"502",8,502,24,34,-0.00426167353669297,NA,24,-0.009098772,0,90,"night",2,2,-0.00225296293812593,-0.00200871059856704
"503",8,503,25,35,0.0033253929818837,NA,25,-0.001143324,0,90,"day",2,2,-0.00225296293812593,0.00557835592000963
"504",8,504,26,36,-0.00139739582203001,NA,26,-0.006110674,0,90,"day",2,2,-0.00225296293812593,0.00085556711609592
"505",8,505,27,37,-0.0020750644643554,NA,27,-0.00681391,0,90,"day",2,2,-0.00225296293812593,0.00017789847377053
"506",8,506,28,38,-0.00377272117047405,NA,28,-0.008593344,0,90,"day",2,2,-0.00225296293812593,-0.00151975823234812
"507",8,507,29,39,-0.00145997870087871,NA,29,-0.006163114,0,90,"day",2,2,-0.00225296293812593,0.00079298423724722
"508",8,508,30,40,0.000356650920913968,NA,30,-0.004258043,0,90,"day",2,2,-0.00225296293812593,0.0026096138590399
"509",8,509,31,41,-0.00114635598043014,NA,31,-0.005837831,0,90,"day",2,2,-0.00225296293812593,0.00110660695769579
"510",8,510,32,42,-0.00164583204033147,NA,32,-0.006364327,0,90,"day",2,2,-0.00225296293812593,0.00060713089779446
"511",8,511,33,43,-0.00112123403110409,NA,33,-0.005811072,0,90,"day",2,2,-0.00225296293812593,0.00113172890702184
"512",8,512,34,45,-0.00207918349731234,NA,35,-0.006819001,0,90,"day",2,2,-0.00225296293812593,0.00017377944081359
"513",8,513,35,46,-0.00206259107103904,NA,36,-0.006798529,0,90,"day",2,2,-0.00225296293812593,0.00019037186708689
"514",8,514,36,47,-0.00836429457964775,NA,37,-0.013402567,0,90,"night",2,2,-0.00225296293812593,-0.00611133164152182
"515",8,515,37,48,-0.00433036596748247,NA,38,-0.009169229,0,90,"night",2,2,-0.00225296293812593,-0.00207740302935654
"516",8,516,38,49,-0.00306684865972932,NA,39,-0.007843008,0,90,"night",2,2,-0.00225296293812593,-0.00081388572160339
"517",8,517,39,50,-0.0030891620749425,NA,40,-0.007868915,0,90,"night",2,2,-0.00225296293812593,-0.00083619913681657
"518",8,518,40,51,-0.00462411908418992,NA,41,-0.009482235,0,90,"night",2,2,-0.00225296293812593,-0.00237115614606399
"519",8,519,41,52,-0.00225296293812593,NA,42,-0.00699243,0,90,"night",2,2,-0.00225296293812593,0
"520",8,520,42,53,-0.00377883653713804,NA,43,-0.008593077,0,90,"night",2,2,-0.00225296293812593,-0.00152587359901211
"521",8,521,43,54,-0.00379444041410791,NA,44,-0.008609757,0,90,"night",2,2,-0.00225296293812593,-0.00154147747598198
"522",8,522,44,55,-0.00416198858972207,NA,45,-0.008994222,0,90,"night",2,2,-0.00225296293812593,-0.00190902565159614
"523",8,523,45,56,-0.0035651287010371,NA,46,-0.008369905,0,90,"night",2,2,-0.00225296293812593,-0.00131216576291117
"524",8,524,46,57,-0.00373520783867563,NA,47,-0.008547449,0,90,"night",2,2,-0.00225296293812593,-0.0014822449005497
"525",8,525,47,58,-0.00350104457719495,NA,48,-0.008304405,0,90,"night",2,2,-0.00225296293812593,-0.00124808163906902
"526",8,526,48,59,0.00206970159252973,NA,49,-0.002463112,0,90,"day",3,2,-0.00225296293812593,0.00432266453065566
"527",8,527,49,61,-0.00167265414467022,NA,51,-0.006392579,0,90,"day",3,2,-0.00225296293812593,0.00058030879345571
"528",8,528,50,62,-0.00287858674602084,NA,52,-0.007656804,0,90,"day",3,2,-0.00225296293812593,-0.00062562380789491
"529",8,529,51,63,-0.00104498913667357,NA,53,-0.005731219,0,90,"day",3,2,-0.00225296293812593,0.00120797380145236
"530",8,530,52,64,-0.000918702114453095,NA,54,-0.005594634,0,90,"day",3,2,-0.00225296293812593,0.00133426082367284
"531",8,531,53,65,-0.000594942542165182,NA,55,-0.005258474,0,90,"day",3,2,-0.00225296293812593,0.00165802039596075
"532",8,532,54,66,-0.000540007953581042,NA,56,-0.005202002,0,90,"day",3,2,-0.00225296293812593,0.00171295498454489
"533",8,533,55,67,-0.000535490681925408,NA,57,-0.00519716,0,90,"day",3,2,-0.00225296293812593,0.00171747225620052
"534",8,534,56,68,-0.000252936743556062,NA,58,-0.004899879,0,90,"day",3,2,-0.00225296293812593,0.00200002619456987
"535",8,535,57,69,-0.00149680901214202,NA,59,-0.006205853,0,90,"day",3,2,-0.00225296293812593,0.00075615392598391
"536",8,536,58,70,-0.00290816091188952,NA,60,-0.007685715,0,90,"day",3,2,-0.00225296293812593,-0.00065519797376359
"537",8,537,59,71,-0.0110612255179238,NA,61,-0.016228955,0,90,"night",3,2,-0.00225296293812593,-0.00880826257979787
"538",8,538,60,72,-0.0072350613746795,NA,62,-0.01221611,0,90,"night",3,2,-0.00225296293812593,-0.00498209843655357
"539",8,539,61,73,-0.00627198627731363,NA,63,-0.011205143,0,90,"night",3,2,-0.00225296293812593,-0.0040190233391877
"540",8,540,62,74,-0.00629319970988758,NA,64,-0.011228197,0,90,"night",3,2,-0.00225296293812593,-0.00404023677176165
"541",8,541,63,75,-0.00628300236167738,NA,65,-0.011216052,0,90,"night",3,2,-0.00225296293812593,-0.00403003942355145
"542",8,542,64,76,-0.00578362403562791,NA,66,-0.010694189,0,90,"night",3,2,-0.00225296293812593,-0.00353066109750198
"543",8,543,65,77,-0.00639632206481331,NA,67,-0.011335889,0,90,"night",3,2,-0.00225296293812593,-0.00414335912668738
"544",8,544,66,78,-0.00661213478385493,NA,68,-0.011564962,0,90,"night",3,2,-0.00225296293812593,-0.004359171845729
"545",8,545,67,79,-0.00632383008516668,NA,69,-0.01125961,0,90,"night",3,2,-0.00225296293812593,-0.00407086714704075
"546",8,546,68,80,-0.00582121323792384,NA,70,-0.010732931,0,90,"night",3,2,-0.00225296293812593,-0.00356825029979791
"547",8,547,69,81,-0.00506993204919559,NA,71,-0.0099437,0,90,"night",3,2,-0.00225296293812593,-0.00281696911106966
"548",8,548,70,82,-0.00493293847190757,NA,72,-0.00980156,0,90,"night",3,2,-0.00225296293812593,-0.00267997553378164
