"","X","AutoResp.Cycle.Loop","Chamber","MO2.no.Background.Correction","NA.","Hour","Treatment","Time.of.Day","Day","MO2","Genotype","Trial"
"1",1,14,1,0.000815135774395743,1,1,50,"day",1,0.003781323,97,3
"2",2,15,1,0.00332481408351656,1,2,50,"day",1,0.006389933,97,3
"3",3,16,1,-0.00134558685496932,1,3,50,"day",1,0.001516155,97,3
"4",4,17,1,-0.00207332293639105,1,4,50,"day",1,0.000781058,97,3
"5",5,18,1,-0.000634454374984149,1,5,50,"day",1,0.002264277,97,3
"6",6,19,1,-0.00797782458012137,1,6,50,"day",1,-0.005370749,97,3
"7",7,20,1,-0.00732555842702641,1,7,50,"day",1,-0.004700019,97,3
"8",8,21,1,-0.0110129585869559,1,8,50,"day",1,-0.008508012,97,3
"9",9,22,1,-0.00338366086196142,1,9,50,"day",1,-0.000579282,97,3
"10",10,23,1,-0.0117092419643412,1,10,50,"day",1,-0.009237101,97,3
"11",11,24,1,-0.000266453792903736,1,11,50,"day",1,0.002661165,97,3
"12",12,25,1,-0.00743197329627646,1,12,50,"day",1,-0.004795672,97,3
"13",13,26,1,-0.0258013895553971,1,13,50,"night",1,-0.02389147,97,3
"14",14,27,1,-0.0175172696508338,1,14,50,"night",1,-0.015285854,97,3
"15",15,28,1,-0.027630488984195,1,15,50,"night",1,-0.025791247,97,3
"16",16,29,1,-0.0254926980259524,1,16,50,"night",1,-0.023566001,97,3
"17",17,30,1,-0.0232407735620012,1,17,50,"night",1,-0.021234196,97,3
"18",18,31,1,-0.0241051404930993,1,18,50,"night",1,-0.022138517,97,3
"19",19,32,1,-0.0244603664039652,1,19,50,"night",1,-0.022504949,97,3
"20",20,33,1,-0.0279261691304029,1,20,50,"night",1,-0.026112951,97,3
"21",21,34,1,-0.0300970299973051,1,21,50,"night",1,-0.02835863,97,3
"22",22,35,1,-0.0252573319293388,1,22,50,"night",1,-0.023337484,97,3
"23",23,36,1,-0.0244969566049569,1,23,50,"night",1,-0.022533234,97,3
"24",24,37,1,-0.0198153892013889,1,24,50,"night",1,-0.017673013,97,3
"25",25,38,1,-0.0107017484730335,1,25,50,"day",2,-0.008188918,97,3
"26",26,39,1,-0.0107721210149191,1,26,50,"day",2,-0.008269585,97,3
"27",27,40,1,-0.0012674503945649,1,27,50,"day",2,0.001633826,97,3
"28",28,41,1,-0.00984518360578088,1,28,50,"day",2,-0.007317655,97,3
"29",29,42,1,-0.00910944004669012,1,29,50,"day",2,-0.006550029,97,3
"30",30,43,1,-0.0130340851881048,1,30,50,"day",2,-0.010635491,97,3
"31",31,44,1,-0.014097279502741,1,31,50,"day",2,-0.011724138,97,3
"32",32,45,1,-0.0135827812775755,1,32,50,"day",2,-0.011211346,97,3
"33",33,46,1,-0.0123874174822408,1,33,50,"day",2,-0.009962497,97,3
"34",34,47,1,-0.0111093443589838,1,34,50,"day",2,-0.008625046,97,3
"35",35,48,1,-0.0136731961889727,1,35,50,"day",2,-0.011291616,97,3
"36",36,49,1,-0.00687021549407865,1,36,50,"day",2,-0.004201568,97,3
"37",37,50,1,-0.0212241454201599,1,37,50,"night",2,-0.019121277,97,3
"38",38,51,1,-0.017807487402854,1,38,50,"night",2,-0.015569587,97,3
"39",39,52,1,-0.039309943544505,1,39,50,"night",2,-0.037931144,97,3
"40",40,53,1,-0.0108853631528869,1,40,50,"night",2,-0.008346018,97,3
"41",41,54,1,-0.00843243784924204,1,41,50,"night",2,-0.005808434,97,3
"42",42,55,1,-0.0116506749458717,1,42,50,"night",2,-0.009141159,97,3
"43",43,56,1,0.00830389560845484,1,43,50,"night",2,0.011563209,97,3
"44",44,57,1,-0.0121143665337484,1,44,50,"night",2,-0.009642606,97,3
"45",45,58,1,-0.00858102870676836,1,45,50,"night",2,-0.00598143,97,3
"46",46,59,1,-0.011650255823064,1,46,50,"night",2,-0.009167187,97,3
"47",47,60,1,-0.00889115223741591,1,47,50,"night",2,-0.006301334,97,3
"48",48,61,1,-0.0125089458442288,1,48,50,"night",2,-0.010063169,97,3
"49",49,62,1,-0.00859486532401044,1,49,50,"day",3,-0.00599001,97,3
"50",50,63,1,-0.00621558540643055,1,50,50,"day",3,-0.003533865,97,3
"51",51,64,1,-0.00630427022868895,1,51,50,"day",3,-0.003625345,97,3
"52",52,65,1,-0.00715334386272242,1,52,50,"day",3,-0.004513694,97,3
"53",53,66,1,-0.00712483380997004,1,53,50,"day",3,-0.004484333,97,3
"54",54,67,1,-0.00608864938590188,1,54,50,"day",3,-0.003400157,97,3
"55",55,68,1,-0.011097691396187,1,55,50,"day",3,-0.008623877,97,3
"56",56,69,1,-0.0133571634425272,1,56,50,"day",3,-0.010964465,97,3
"57",57,70,1,-0.0259919539455011,1,57,50,"day",3,-0.024152927,97,3
"58",58,71,1,-0.0133526798565869,1,58,50,"day",3,-0.01096807,97,3
"59",59,72,1,-0.0166909681146861,1,59,50,"day",3,-0.01444028,97,3
"60",60,73,1,-0.00902293625173136,1,60,50,"day",3,-0.006444553,97,3
"61",61,74,1,-0.0201868337644625,1,61,50,"night",3,-0.018052912,97,3
"62",62,75,1,-0.0191147862588292,1,62,50,"night",3,-0.016927025,97,3
"63",63,76,1,-0.0192433594668361,1,63,50,"night",3,-0.017061518,97,3
"64",64,77,1,-0.0148227022480195,1,64,50,"night",3,-0.012459636,97,3
"65",65,78,1,-0.0188438171473763,1,65,50,"night",3,-0.016647302,97,3
"66",66,79,1,-0.018330637397627,1,66,50,"night",3,-0.016112888,97,3
"67",67,80,1,-0.0158273614009118,1,67,50,"night",3,-0.013517158,97,3
"68",68,81,1,-0.0176994340842683,1,68,50,"night",3,-0.015453284,97,3
"69",69,82,1,-0.0192935110139971,1,69,50,"night",3,-0.017119635,97,3
"70",70,83,1,-0.0177432421919081,1,70,50,"night",3,-0.015497421,97,3
"71",71,84,1,-0.0189957080100439,1,71,50,"night",3,-0.016809429,97,3
"72",72,85,1,-0.0141004269679489,1,72,50,"night",3,-0.01171086,97,3
"73",1,14,2,0.00162397377240905,2,1,29,"day",1,0.003083011,97,3
"74",2,15,2,0.000186700905088508,2,2,29,"day",1,0.001594352,97,3
"75",3,16,2,-0.00134689803058817,2,3,29,"day",1,-4.3e-06,97,3
"76",4,17,2,-0.000608644267078534,2,4,29,"day",1,0.000777367,97,3
"77",5,18,2,0.000201008399699711,2,5,29,"day",1,0.001607977,97,3
"78",6,19,2,-0.000198835100432737,2,6,29,"day",1,0.001198663,97,3
"79",7,20,2,-0.000427660337475366,2,7,29,"day",1,0.000953348,97,3
"80",8,21,2,-0.00182408684469564,2,8,29,"day",1,-0.000490169,97,3
"81",9,22,2,-0.00197312970633272,2,9,29,"day",1,-0.000648346,97,3
"82",10,23,2,-0.0131177807578599,2,10,29,"day",1,-0.012253415,97,3
"83",11,24,2,0.00488105122366826,2,11,29,"day",1,0.006482939,97,3
"84",12,25,2,-0.0012778266201811,2,12,29,"day",1,6.97817e-05,97,3
"85",13,26,2,-0.0138005879789981,2,13,29,"night",1,-0.012933406,97,3
"86",14,27,2,-0.0103950980450529,2,14,29,"night",1,-0.009398521,97,3
"87",15,28,2,-0.00872276667285454,2,15,29,"night",1,-0.007647263,97,3
"88",16,29,2,-0.00803974097082731,2,16,29,"night",1,-0.006946086,97,3
"89",17,30,2,-0.00455838511314008,2,17,29,"night",1,-0.003319007,97,3
"90",18,31,2,-0.00898594116427696,2,18,29,"night",1,-0.007934613,97,3
"91",19,32,2,-0.00566513352428465,2,19,29,"night",1,-0.004473591,97,3
"92",20,33,2,-0.00814154216117086,2,20,29,"night",1,-0.007056562,97,3
"93",21,34,2,-0.00582078831021463,2,21,29,"night",1,-0.004635448,97,3
"94",22,35,2,-0.00730539272988797,2,22,29,"night",1,-0.006187409,97,3
"95",23,36,2,-0.00590041078769596,2,23,29,"night",1,-0.004715845,97,3
"96",24,37,2,-0.00756039256298954,2,24,29,"night",1,-0.006456502,97,3
"97",25,38,2,-0.00398278237015893,2,25,29,"day",2,-0.002730385,97,3
"98",26,39,2,-0.000186749846221108,2,26,29,"day",2,0.00120869,97,3
"99",27,40,2,-0.0043379085669662,2,27,29,"day",2,-0.003105129,97,3
"100",28,41,2,-2.9190874152819e-05,2,28,29,"day",2,0.001370045,97,3
"101",29,42,2,-0.00294092540799854,2,29,29,"day",2,-0.001654739,97,3
"102",30,43,2,-0.00280998594449269,2,30,29,"day",2,-0.00151654,97,3
"103",31,44,2,-0.00330524191151912,2,31,29,"day",2,-0.002022713,97,3
"104",32,45,2,-0.00390995019086597,2,32,29,"day",2,-0.002667177,97,3
"105",33,46,2,-0.010703344972207,2,33,29,"day",2,-0.009736293,97,3
"106",34,47,2,-0.00753400498844807,2,34,29,"day",2,-0.006428993,97,3
"107",35,48,2,-0.00968890397938172,2,35,29,"day",2,-0.008670044,97,3
"108",36,49,2,-0.00354278450068939,2,36,29,"day",2,-0.002260702,97,3
"109",37,50,2,-0.0125280935696687,2,37,29,"night",2,-0.011602407,97,3
"110",38,51,2,-0.0304464737247035,2,38,29,"night",2,-0.030263538,97,3
"111",39,52,2,-0.0222336153478103,2,39,29,"night",2,-0.021698293,97,3
"112",40,53,2,-0.0215521672211664,2,40,29,"night",2,-0.020988555,97,3
"113",41,54,2,-0.0217516683399926,2,41,29,"night",2,-0.021195394,97,3
"114",42,55,2,-0.0231617256719825,2,42,29,"night",2,-0.022668148,97,3
"115",43,56,2,-0.0191990210039201,2,43,29,"night",2,-0.018539491,97,3
"116",44,57,2,-0.0217455828294493,2,44,29,"night",2,-0.021184976,97,3
"117",45,58,2,-0.0186780815180266,2,45,29,"night",2,-0.018008967,97,3
"118",46,59,2,-0.0192459525716788,2,46,29,"night",2,-0.018590035,97,3
"119",47,60,2,-0.0191389320455454,2,47,29,"night",2,-0.018486388,97,3
"120",48,61,2,-0.0194326602916751,2,48,29,"night",2,-0.01878483,97,3
"121",49,62,2,-0.0129267357782782,2,49,29,"day",3,-0.012049029,97,3
"122",50,63,2,-0.0160935219890038,2,50,29,"day",3,-0.015335222,97,3
"123",51,64,2,-0.01460881236735,2,51,29,"day",3,-0.013785023,97,3
"124",52,65,2,-0.0168247950912405,2,52,29,"day",3,-0.01609898,97,3
"125",53,66,2,-0.00735579513007531,2,53,29,"day",3,-0.006237979,97,3
"126",54,67,2,-0.0088004197682477,2,54,29,"day",3,-0.007744119,97,3
"127",55,68,2,-0.0133986486423816,2,55,29,"day",3,-0.012533624,97,3
"128",56,69,2,-0.0228258581011025,2,56,29,"day",3,-0.02233296,97,3
"129",57,70,2,-0.00777358674940829,2,57,29,"day",3,-0.006675438,97,3
"130",58,71,2,-0.0150658991476163,2,58,29,"day",3,-0.014270206,97,3
"131",59,72,2,-0.0105589509881146,2,59,29,"day",3,-0.009575212,97,3
"132",60,73,2,-0.0132300418217178,2,60,29,"day",3,-0.012346452,97,3
"133",61,74,2,-0.0247725199179465,2,61,29,"night",3,-0.024341016,97,3
"134",62,75,2,-0.0262326393590718,2,62,29,"night",3,-0.025855257,97,3
"135",63,76,2,-0.0252732183711253,2,63,29,"night",3,-0.024867697,97,3
"136",64,77,2,-0.0234668120216853,2,64,29,"night",3,-0.022979169,97,3
"137",65,78,2,-0.0235179185027869,2,65,29,"night",3,-0.02303629,97,3
"138",66,79,2,-0.0221306882085335,2,66,29,"night",3,-0.021587052,97,3
"139",67,80,2,-0.0218142693742618,2,67,29,"night",3,-0.021268593,97,3
"140",68,81,2,-0.0221794398109424,2,68,29,"night",3,-0.021639773,97,3
"141",69,82,2,-0.0232775196596494,2,69,29,"night",3,-0.022788329,97,3
"142",70,83,2,-0.021596239708033,2,70,29,"night",3,-0.021035296,97,3
"143",71,84,2,-0.0229986995034118,2,71,29,"night",3,-0.022502537,97,3
"144",72,85,2,-0.021094704863771,2,72,29,"night",3,-0.020515294,97,3
"145",1,14,3,-0.00663935652779305,3,1,15,"day",1,0.003616323,97,3
"146",2,15,3,-0.0060276541068553,3,2,15,"day",1,0.004256422,97,3
"147",3,16,3,-0.0105852883876789,3,3,15,"day",1,-0.000498831,97,3
"148",4,17,3,-0.00687531281677418,3,4,15,"day",1,0.00339485,97,3
"149",5,18,3,-0.0194886573650757,3,5,15,"day",1,-0.009761649,97,3
"150",6,19,3,-0.0152631086397771,3,6,15,"day",1,-0.005344109,97,3
"151",7,20,3,-0.0167670982951262,3,7,15,"day",1,-0.006916505,97,3
"152",8,21,3,-0.0188526005317613,3,8,15,"day",1,-0.009084272,97,3
"153",9,22,3,-0.0142268425597944,3,9,15,"day",1,-0.004266336,97,3
"154",10,23,3,-0.0192988103299633,3,10,15,"day",1,-0.009553407,97,3
"155",11,24,3,-0.0192726307051497,3,11,15,"day",1,-0.009525289,97,3
"156",12,25,3,-0.0111009301123449,3,12,15,"day",1,-0.001023244,97,3
"157",13,26,3,-0.0398020881797658,3,13,15,"night",1,-0.030855567,97,3
"158",14,27,3,-0.034129050071576,3,14,15,"night",1,-0.024958043,97,3
"159",15,28,3,-0.0266250280466483,3,15,15,"night",1,-0.017139211,97,3
"160",16,29,3,-0.0220226405327923,3,16,15,"night",1,-0.012354343,97,3
"161",17,30,3,-0.0248105698374212,3,17,15,"night",1,-0.015251383,97,3
"162",18,31,3,-0.0296488064919242,3,18,15,"night",1,-0.020287965,97,3
"163",19,32,3,-0.0236595148298978,3,19,15,"night",1,-0.014048896,97,3
"164",20,33,3,-0.0240200851368768,3,20,15,"night",1,-0.014434564,97,3
"165",21,34,3,-0.025112928723143,3,21,15,"night",1,-0.015557916,97,3
"166",22,35,3,-0.0253743389575544,3,22,15,"night",1,-0.015841777,97,3
"167",23,36,3,-0.0242213561347109,3,23,15,"night",1,-0.014640234,97,3
"168",24,37,3,-0.0255891283222833,3,24,15,"night",1,-0.01606956,97,3
"169",25,38,3,-0.0149066121839576,3,25,15,"day",2,-0.004963534,97,3
"170",26,39,3,-0.010287468465466,3,26,15,"day",2,-0.000183264,97,3
"171",27,40,3,-0.0166066257156041,3,27,15,"day",2,-0.006747948,97,3
"172",28,41,3,-0.0133378202804316,3,28,15,"day",2,-0.003347751,97,3
"173",29,42,3,-0.0146132938903905,3,29,15,"day",2,-0.004671121,97,3
"174",30,43,3,-0.0130128720549507,3,30,15,"day",2,-0.003010068,97,3
"175",31,44,3,-0.0136202035386836,3,31,15,"day",2,-0.003631111,97,3
"176",32,45,3,-0.0126459518299809,3,32,15,"day",2,-0.002633109,97,3
"177",33,46,3,-0.0183196404816295,3,33,15,"day",2,-0.008575193,97,3
"178",34,47,3,-0.0179904102466221,3,34,15,"day",2,-0.008196778,97,3
"179",35,48,3,-0.0186794814573242,3,35,15,"day",2,-0.008902725,97,3
"180",36,49,3,-0.0146522285570539,3,36,15,"day",2,-0.004716404,97,3
"181",37,50,3,-0.064077637440093,3,37,15,"night",2,-0.056149361,97,3
"182",38,51,3,-0.0560675905448903,3,38,15,"night",2,-0.04780279,97,3
"183",39,52,3,-0.0527725472875862,3,39,15,"night",2,-0.044347274,97,3
"184",40,53,3,-0.0572686508797849,3,40,15,"night",2,-0.049044479,97,3
"185",41,54,3,-0.0536430148786851,3,41,15,"night",2,-0.045248643,97,3
"186",42,55,3,-0.050992527477677,3,42,15,"night",2,-0.042509582,97,3
"187",43,56,3,-0.0537907874668262,3,43,15,"night",2,-0.045419658,97,3
"188",44,57,3,-0.0473831275183951,3,44,15,"night",2,-0.038748395,97,3
"189",45,58,3,-0.054782501246041,3,45,15,"night",2,-0.046476134,97,3
"190",46,59,3,-0.0544487170514202,3,46,15,"night",2,-0.046118945,97,3
"191",47,60,3,-0.0553679011595756,3,47,15,"night",2,-0.047083563,97,3
"192",48,61,3,-0.054447541022692,3,48,15,"night",2,-0.046120598,97,3
"193",49,62,3,-0.0217540707072797,3,49,15,"day",3,-0.012148941,97,3
"194",50,63,3,-0.0297780248191523,3,50,15,"day",3,-0.020465886,97,3
"195",51,64,3,-0.0258238643323723,3,51,15,"day",3,-0.016351344,97,3
"196",52,65,3,-0.0257122087748885,3,52,15,"day",3,-0.016248643,97,3
"197",53,66,3,-0.00715078123900388,3,53,15,"day",3,0.00307661,97,3
"198",54,67,3,-0.00287304525308404,3,54,15,"day",3,0.0075261,97,3
"199",55,68,3,-0.00633738435509573,3,55,15,"day",3,0.003902197,97,3
"200",56,69,3,-0.0103010920770443,3,56,15,"day",3,-0.000197539,97,3
"201",57,70,3,-0.00680081512063238,3,57,15,"day",3,0.003400706,97,3
"202",58,71,3,-0.0253172782736664,3,58,15,"day",3,-0.015847441,97,3
"203",59,72,3,-0.0268315056843057,3,59,15,"day",3,-0.017408976,97,3
"204",60,73,3,-0.0226258862772622,3,60,15,"day",3,-0.013009319,97,3
"205",61,74,3,-0.0575859863287695,3,61,15,"night",3,-0.049389443,97,3
"206",62,75,3,-0.0108932269510438,3,62,15,"night",3,-0.000781358,97,3
"207",63,76,3,-0.0112811048540994,3,63,15,"night",3,-0.001182633,97,3
"208",64,77,3,-0.0122816817974624,3,64,15,"night",3,-0.002229665,97,3
"209",65,78,3,-0.0117956682966689,3,65,15,"night",3,-0.001724072,97,3
"210",66,79,3,-0.0122274918575469,3,66,15,"night",3,-0.002172059,97,3
"211",67,80,3,-0.0120871693420505,3,67,15,"night",3,-0.002028383,97,3
"212",68,81,3,-0.0123462032765986,3,68,15,"night",3,-0.00229255,97,3
"213",69,82,3,-0.0116978625743866,3,69,15,"night",3,-0.001622778,97,3
"214",70,83,3,-0.0110474612286616,3,70,15,"night",3,-0.000943387,97,3
"215",71,84,3,-0.0105365446367633,3,71,15,"night",3,-0.000411079,97,3
"216",72,85,3,-0.0119608407564518,3,72,15,"night",3,-0.001889952,97,3
"217",1,14,4,0.00824209403032219,4,1,0,"day",1,0.008942046,97,3
"218",2,15,4,0.0090713785885155,4,2,0,"day",1,0.009807181,97,3
"219",3,16,4,0.0101806161743391,4,3,0,"day",1,0.010954085,97,3
"220",4,17,4,0.00842289839554861,4,4,0,"day",1,0.009132163,97,3
"221",5,18,4,0.0147749367529649,4,5,0,"day",1,0.015726676,97,3
"222",6,19,4,0.0127282693248054,4,6,0,"day",1,0.013607313,97,3
"223",7,20,4,0.0142560428483796,4,7,0,"day",1,0.015194951,97,3
"224",8,21,4,0.00841039346010737,4,8,0,"day",1,0.00910636,97,3
"225",9,22,4,0.010102528753364,4,9,0,"day",1,0.010885053,97,3
"226",10,23,4,0.00916243709802244,4,10,0,"day",1,0.009907668,97,3
"227",11,24,4,0.0107097614596721,4,11,0,"day",1,0.011515504,97,3
"228",12,25,4,0.010135971715543,4,12,0,"day",1,0.01091173,97,3
"229",13,26,4,-0.0273939626181089,4,13,0,"night",1,-0.028143144,97,3
"230",14,27,4,-0.0235431985545191,4,14,0,"night",1,-0.024144008,97,3
"231",15,28,4,-0.0157702926691676,4,15,0,"night",1,-0.016048792,97,3
"232",16,29,4,-0.0207258064365693,4,16,0,"night",1,-0.021215267,97,3
"233",17,30,4,-0.0211502009289451,4,17,0,"night",1,-0.021651417,97,3
"234",18,31,4,-0.0195821550921929,4,18,0,"night",1,-0.020023987,97,3
"235",19,32,4,-0.0167143406980762,4,19,0,"night",1,-0.017035639,97,3
"236",20,33,4,-0.017346495077436,4,20,0,"night",1,-0.017698922,97,3
"237",21,34,4,-0.013267292182359,4,21,0,"night",1,-0.013442065,97,3
"238",22,35,4,-0.00932999669031,4,22,0,"night",1,-0.009339712,97,3
"239",23,36,4,-0.00868205929411815,4,23,0,"night",1,-0.008669984,97,3
"240",24,37,4,-0.00946761252548442,4,24,0,"night",1,-0.009494208,97,3
"241",25,38,4,0.0100650818010675,4,25,0,"day",2,0.010831975,97,3
"242",26,39,4,0.00953698900630127,4,26,0,"day",2,0.010265904,97,3
"243",27,40,4,0.00720256354756222,4,27,0,"day",2,0.007840975,97,3
"244",28,41,4,0.0089579611049448,4,28,0,"day",2,0.009666362,97,3
"245",29,42,4,0.00430203527206665,4,29,0,"day",2,0.004821774,97,3
"246",30,43,4,0.00595129897684203,4,30,0,"day",2,0.006534928,97,3
"247",31,44,4,0.00638679517841633,4,31,0,"day",2,0.006996345,97,3
"248",32,45,4,0.00675286457129764,4,32,0,"day",2,0.007369999,97,3
"249",33,46,4,0.00105173178516334,4,33,0,"day",2,0.001426224,97,3
"250",34,47,4,0.00291770278721339,4,34,0,"day",2,0.003383468,97,3
"251",35,48,4,0.00175517790455762,4,35,0,"day",2,0.002173447,97,3
"252",36,49,4,0.0162344524922555,4,36,0,"day",2,0.017249607,97,3
"253",37,50,4,-0.027290607183234,4,37,0,"night",2,-0.028049334,97,3
"254",38,51,4,-0.0250083037183458,4,38,0,"night",2,-0.025667692,97,3
"255",39,52,4,-0.0203826326653107,4,39,0,"night",2,-0.020844453,97,3
"256",40,53,4,-0.0225962700521606,4,40,0,"night",2,-0.023152013,97,3
"257",41,54,4,-0.020175238630087,4,41,0,"night",2,-0.020623219,97,3
"258",42,55,4,-0.021418877322566,4,42,0,"night",2,-0.021927625,97,3
"259",43,56,4,-0.0215348447459449,4,43,0,"night",2,-0.022048205,97,3
"260",44,57,4,-0.0199375086524604,4,44,0,"night",2,-0.020382844,97,3
"261",45,58,4,-0.0204630665703391,4,45,0,"night",2,-0.020940213,97,3
"262",46,59,4,-0.0202024787878807,4,46,0,"night",2,-0.020665498,97,3
"263",47,60,4,-0.0214589610125357,4,47,0,"night",2,-0.021979983,97,3
"264",48,61,4,-0.0209658306742173,4,48,0,"night",2,-0.021449786,97,3
"265",49,62,4,0.0106102317585396,4,49,0,"day",3,0.011397272,97,3
"266",50,63,4,0.0099695896715052,4,50,0,"day",3,0.010728814,97,3
"267",51,64,4,0.0128455274455496,4,51,0,"day",3,0.01372021,97,3
"268",52,65,4,0.00609103875470813,4,52,0,"day",3,0.006696242,97,3
"269",53,66,4,0.00474514046368993,4,53,0,"day",3,0.005294135,97,3
"270",54,67,4,0.0068820677830263,4,54,0,"day",3,0.007512453,97,3
"271",55,68,4,0.0033901244450512,4,55,0,"day",3,0.003867785,97,3
"272",56,69,4,0.00145591699490108,4,56,0,"day",3,0.001857936,97,3
"273",57,70,4,0.00516597450693727,4,57,0,"day",3,0.005696742,97,3
"274",58,71,4,0.00101142223999,4,58,0,"day",3,0.001393465,97,3
"275",59,72,4,0.000515121706234354,4,59,0,"day",3,0.00087838,97,3
"276",60,73,4,0.000872800751071585,4,60,0,"day",3,0.001255766,97,3
"277",61,74,4,-0.0104138788264102,4,61,0,"night",3,-0.01047142,97,3
"278",62,75,4,-0.00649622006652613,4,62,0,"night",3,-0.00639281,97,3
"279",63,76,4,-0.00644578823869567,4,63,0,"night",3,-0.006340733,97,3
"280",64,77,4,-0.00711474636592025,4,64,0,"night",3,-0.00703753,97,3
"281",65,78,4,-0.00674183325024154,4,65,0,"night",3,-0.006650934,97,3
"282",66,79,4,-0.0062173289393574,4,66,0,"night",3,-0.006104415,97,3
"283",67,80,4,-0.00641451401810644,4,67,0,"night",3,-0.006309971,97,3
"284",68,81,4,-0.00667351913063449,4,68,0,"night",3,-0.006578327,97,3
"285",69,82,4,-0.00630768592434826,4,69,0,"night",3,-0.006200109,97,3
"286",70,83,4,-0.006345100500226,4,70,0,"night",3,-0.006240156,97,3
"287",71,84,4,-0.00625263357219873,4,71,0,"night",3,-0.006142055,97,3
"288",72,85,4,-0.00625879776234392,4,72,0,"night",3,-0.006146835,97,3
"289",1,14,5,0.00164867950686848,5,1,29,"day",1,-0.000799939,101,3
"290",2,15,5,-0.00342539350791379,5,2,29,"day",1,-0.006092254,101,3
"291",3,16,5,-0.000164849045675176,5,3,29,"day",1,-0.002699903,101,3
"292",4,17,5,-0.00747770925573079,5,4,29,"day",1,-0.010308648,101,3
"293",5,18,5,-0.00161256795238408,5,5,29,"day",1,-0.004202328,101,3
"294",6,19,5,-0.00299881514267372,5,6,29,"day",1,-0.00564689,101,3
"295",7,20,5,-0.00283591633982581,5,7,29,"day",1,-0.005472838,101,3
"296",8,21,5,-0.00402692880452952,5,8,29,"day",1,-0.006714683,101,3
"297",9,22,5,-0.0233276954368467,5,9,29,"day",1,-0.02672754,101,3
"298",10,23,5,0.0151837596400576,5,10,29,"day",1,0.013203586,101,3
"299",11,24,5,-0.009864880910734,5,11,29,"day",1,-0.012795578,101,3
"300",12,25,5,-0.0160168185197101,5,12,29,"day",1,-0.019189424,101,3
"301",13,26,5,-0.0169537373318108,5,13,29,"night",1,-0.020142271,101,3
"302",14,27,5,-0.0193041478543232,5,14,29,"night",1,-0.022592127,101,3
"303",15,28,5,-0.0416921422181355,5,15,29,"night",1,-0.045893348,101,3
"304",16,29,5,-0.0425874479107163,5,16,29,"night",1,-0.046842311,101,3
"305",17,30,5,-0.0410849916390203,5,17,29,"night",1,-0.045280973,101,3
"306",18,31,5,-0.040399792638695,5,18,29,"night",1,-0.044571813,101,3
"307",19,32,5,-0.042739562288885,5,19,29,"night",1,-0.046999165,101,3
"308",20,33,5,-0.0398773498588082,5,20,29,"night",1,-0.044023558,101,3
"309",21,34,5,-0.0429499474281665,5,21,29,"night",1,-0.047226368,101,3
"310",22,35,5,-0.0394461198188363,5,22,29,"night",1,-0.043575463,101,3
"311",23,36,5,-0.0392802220434446,5,23,29,"night",1,-0.043403946,101,3
"312",24,37,5,-0.0394774986719771,5,24,29,"night",1,-0.04360181,101,3
"313",25,38,5,-0.00814468876410536,5,25,29,"day",2,-0.010997744,101,3
"314",26,39,5,-0.0131993005734213,5,26,29,"day",2,-0.016278144,101,3
"315",27,40,5,-0.0089096554370643,5,27,29,"day",2,-0.011809176,101,3
"316",28,41,5,-0.00974831921717623,5,28,29,"day",2,-0.012682318,101,3
"317",29,42,5,-0.00390703266203134,5,29,29,"day",2,-0.006600728,101,3
"318",30,43,5,-0.0072850049098613,5,30,29,"day",2,-0.010116635,101,3
"319",31,44,5,-0.00289092555978201,5,31,29,"day",2,-0.005538812,101,3
"320",32,45,5,-0.00539794442877755,5,32,29,"day",2,-0.008154776,101,3
"321",33,46,5,-0.00284689818491883,5,33,29,"day",2,-0.005487863,101,3
"322",34,47,5,-0.0053769831802169,5,34,29,"day",2,-0.008132101,101,3
"323",35,48,5,-0.00665345671681939,5,35,29,"day",2,-0.009448968,101,3
"324",36,49,5,-0.0110371829818465,5,36,29,"day",2,-0.014021082,101,3
"325",37,50,5,-0.0424349649342099,5,37,29,"night",2,-0.046695465,101,3
"326",38,51,5,-0.0404267712851957,5,38,29,"night",2,-0.044597484,101,3
"327",39,52,5,-0.0290580194869754,5,39,29,"night",2,-0.032755832,101,3
"328",40,53,5,-0.0321004844970196,5,40,29,"night",2,-0.035926245,101,3
"329",41,54,5,-0.0310270268092938,5,41,29,"night",2,-0.034800086,101,3
"330",42,55,5,-0.0323670677973969,5,42,29,"night",2,-0.036206891,101,3
"331",43,56,5,-0.0328392358369093,5,43,29,"night",2,-0.036687819,101,3
"332",44,57,5,-0.033325057120944,5,44,29,"night",2,-0.037197631,101,3
"333",45,58,5,-0.0346755631512868,5,45,29,"night",2,-0.038609452,101,3
"334",46,59,5,-0.0330133684918024,5,46,29,"night",2,-0.036882075,101,3
"335",47,60,5,-0.035786492386826,5,47,29,"night",2,-0.039761892,101,3
"336",48,61,5,-0.0333869080153231,5,48,29,"night",2,-0.03727014,101,3
"337",49,62,5,-0.00892921135619144,5,49,29,"day",3,-0.011814989,101,3
"338",50,63,5,-0.00755886989993694,5,50,29,"day",3,-0.010395296,101,3
"339",51,64,5,-0.0120668145949171,5,51,29,"day",3,-0.01508847,101,3
"340",52,65,5,-0.0114237707715462,5,52,29,"day",3,-0.014414721,101,3
"341",53,66,5,-0.0137211522595948,5,53,29,"day",3,-0.01680403,101,3
"342",54,67,5,-0.00944739820027493,5,54,29,"day",3,-0.012350184,101,3
"343",55,68,5,-0.00696926408795787,5,55,29,"day",3,-0.009775534,101,3
"344",56,69,5,-0.00339179708340188,5,56,29,"day",3,-0.006048571,101,3
"345",57,70,5,-0.00578734244625543,5,57,29,"day",3,-0.008545111,101,3
"346",58,71,5,-0.00706147217450456,5,58,29,"day",3,-0.009861832,101,3
"347",59,72,5,-0.00693883562254737,5,59,29,"day",3,-0.009744114,101,3
"348",60,73,5,-0.000840266027023275,5,60,29,"day",3,-0.00339206,101,3
"349",61,74,5,-0.0150338984159948,5,61,29,"night",3,-0.018091427,101,3
"350",62,75,5,-0.0280191697721243,5,62,29,"night",3,-0.031666392,101,3
"351",63,76,5,-0.0247258668129808,5,63,29,"night",3,-0.028228169,101,3
"352",64,77,5,-0.0226970338484502,5,64,29,"night",3,-0.026124897,101,3
"353",65,78,5,-0.0179001764564525,5,65,29,"night",3,-0.021132185,101,3
"354",66,79,5,-0.0165674507290375,5,66,29,"night",3,-0.019744131,101,3
"355",67,80,5,-0.0162583332892907,5,67,29,"night",3,-0.019426872,101,3
"356",68,81,5,-0.0183222558958647,5,68,29,"night",3,-0.02157087,101,3
"357",69,82,5,-0.0153344866867238,5,69,29,"night",3,-0.01846412,101,3
"358",70,83,5,-0.0189093697668222,5,70,29,"night",3,-0.022181262,101,3
"359",71,84,5,-0.0149983182674754,5,71,29,"night",3,-0.01810847,101,3
"360",72,85,5,-0.0190643620356484,5,72,29,"night",3,-0.022344771,101,3
"361",1,14,6,0.00621340611911883,6,1,50,"day",1,0.000104747,101,3
"362",2,15,6,-0.00391358048372622,6,2,50,"day",1,-0.010281339,101,3
"363",3,16,6,1.2544238663017e-05,6,3,50,"day",1,-0.006192811,101,3
"364",4,17,6,-0.00437324015485647,6,4,50,"day",1,-0.010756384,101,3
"365",5,18,6,6.40934092523572e-05,6,5,50,"day",1,-0.006137976,101,3
"366",6,19,6,-0.0010307089422687,6,6,50,"day",1,-0.007286373,101,3
"367",7,20,6,-0.00102054115750433,6,7,50,"day",1,-0.007275655,101,3
"368",8,21,6,0.00189773390493914,6,8,50,"day",1,-0.004240443,101,3
"369",9,22,6,-0.00058014236687873,6,9,50,"day",1,-0.006805585,101,3
"370",10,23,6,-0.00549337500467016,6,10,50,"day",1,-0.011950604,101,3
"371",11,24,6,0.00486190300144056,6,11,50,"day",1,-0.001148017,101,3
"372",12,25,6,-0.00697690183437695,6,12,50,"day",1,-0.013451464,101,3
"373",13,26,6,-0.0164472826505771,6,13,50,"night",1,-0.023290202,101,3
"374",14,27,6,-0.0170839949452913,6,14,50,"night",1,-0.023960952,101,3
"375",15,28,6,-0.0111687578853519,6,15,50,"night",1,-0.017803426,101,3
"376",16,29,6,-0.00737450307125621,6,16,50,"night",1,-0.013880623,101,3
"377",17,30,6,-0.0116877384610317,6,17,50,"night",1,-0.018345622,101,3
"378",18,31,6,-0.0131186984915961,6,18,50,"night",1,-0.019840441,101,3
"379",19,32,6,-0.0154483709285311,6,19,50,"night",1,-0.022257084,101,3
"380",20,33,6,-0.0132147096928184,6,20,50,"night",1,-0.019937169,101,3
"381",21,34,6,-0.017444646894151,6,21,50,"night",1,-0.024341139,101,3
"382",22,35,6,-0.0153012210573468,6,22,50,"night",1,-0.022106561,101,3
"383",23,36,6,-0.0169674639974823,6,23,50,"night",1,-0.023842031,101,3
"384",24,37,6,-0.0166869318898364,6,24,50,"night",1,-0.02354742,101,3
"385",25,38,6,-0.00126904464346483,6,25,50,"day",2,-0.007510051,101,3
"386",26,39,6,-0.013957841139049,6,26,50,"day",2,-0.020739411,101,3
"387",27,40,6,-0.0111744713048104,6,27,50,"day",2,-0.017838641,101,3
"388",28,41,6,-0.0119489759483961,6,28,50,"day",2,-0.018645998,101,3
"389",29,42,6,-0.00700873533332388,6,29,50,"day",2,-0.013506471,101,3
"390",30,43,6,-0.0028831079455847,6,30,50,"day",2,-0.009207322,101,3
"391",31,44,6,0.000726142715942233,6,31,50,"day",2,-0.005446938,101,3
"392",32,45,6,-0.00253019500648665,6,32,50,"day",2,-0.008843245,101,3
"393",33,46,6,0.00205456423362128,6,33,50,"day",2,-0.004063919,101,3
"394",34,47,6,-0.00259321444138087,6,34,50,"day",2,-0.00890089,101,3
"395",35,48,6,-0.0056431461406138,6,35,50,"day",2,-0.012071627,101,3
"396",36,49,6,-0.00546887482945208,6,36,50,"day",2,-0.011896435,101,3
"397",37,50,6,-0.0141686883250291,6,37,50,"night",2,-0.020930165,101,3
"398",38,51,6,-0.029259783313615,6,38,50,"night",2,-0.036672224,101,3
"399",39,52,6,-0.039222313815029,6,39,50,"night",2,-0.047024046,101,3
"400",40,53,6,-0.0316629608086933,6,40,50,"night",2,-0.039163141,101,3
"401",41,54,6,-0.0318379841934145,6,41,50,"night",2,-0.039331806,101,3
"402",42,55,6,-0.0311029990415737,6,42,50,"night",2,-0.038562025,101,3
"403",43,56,6,-0.0280376557115661,6,43,50,"night",2,-0.035368912,101,3
"404",44,57,6,-0.0295383583825128,6,44,50,"night",2,-0.036932651,101,3
"405",45,58,6,-0.0319221070692861,6,45,50,"night",2,-0.039420709,101,3
"406",46,59,6,-0.0331026533293703,6,46,50,"night",2,-0.040656393,101,3
"407",47,60,6,-0.0375562012262863,6,47,50,"night",2,-0.045287142,101,3
"408",48,61,6,-0.0350299560306169,6,48,50,"night",2,-0.042667013,101,3
"409",49,62,6,-0.00979036990108675,6,49,50,"day",3,-0.016390902,101,3
"410",50,63,6,0.00260477496053114,6,50,50,"day",3,-0.003490895,101,3
"411",51,64,6,-0.00441060878279847,6,51,50,"day",3,-0.010810298,101,3
"412",52,65,6,0.00427038273148765,6,52,50,"day",3,-0.00176141,101,3
"413",53,66,6,-0.00235941438939133,6,53,50,"day",3,-0.008661132,101,3
"414",54,67,6,-0.0134211481581079,6,54,50,"day",3,-0.020173246,101,3
"415",55,68,6,-0.00642794134113133,6,55,50,"day",3,-0.012890915,101,3
"416",56,69,6,-0.00321111137487221,6,56,50,"day",3,-0.009538643,101,3
"417",57,70,6,-0.00614748779036949,6,57,50,"day",3,-0.012600888,101,3
"418",58,71,6,-0.0105478681546009,6,58,50,"day",3,-0.017184266,101,3
"419",59,72,6,-0.00665225107450315,6,59,50,"day",3,-0.013122889,101,3
"420",60,73,6,-0.00790102362210128,6,60,50,"day",3,-0.014418759,101,3
"421",61,74,6,-0.0239894958499058,6,61,50,"night",3,-0.031148849,101,3
"422",62,75,6,-0.00487929698520002,6,62,50,"night",3,-0.011263874,101,3
"423",63,76,6,-0.00934232250600073,6,63,50,"night",3,-0.015911112,101,3
"424",64,77,6,-0.00613184789890404,6,64,50,"night",3,-0.012569381,101,3
"425",65,78,6,-0.00632319170678079,6,65,50,"night",3,-0.012771113,101,3
"426",66,79,6,-0.00604404010896376,6,66,50,"night",3,-0.012473736,101,3
"427",67,80,6,-0.00497622254567853,6,67,50,"night",3,-0.011369991,101,3
"428",68,81,6,-0.00734956941324384,6,68,50,"night",3,-0.013833048,101,3
"429",69,82,6,-0.0046426113359126,6,69,50,"night",3,-0.01102019,101,3
"430",70,83,6,-0.00813811349047381,6,70,50,"night",3,-0.014654672,101,3
"431",71,84,6,-0.00453879535681173,6,71,50,"night",3,-0.010906946,101,3
"432",72,85,6,-0.00773997708129214,6,72,50,"night",3,-0.014243713,101,3
"433",1,14,7,0.00428154171624419,7,1,15,"day",1,0.008426728,101,3
"434",2,15,7,-0.00281318320604505,7,2,15,"day",1,0.001030699,101,3
"435",3,16,7,-0.00151231703051586,7,3,15,"day",1,0.002388055,101,3
"436",4,17,7,-0.00406267038310104,7,4,15,"day",1,-0.000275605,101,3
"437",5,18,7,0.00059596328908087,7,5,15,"day",1,0.004584335,101,3
"438",6,19,7,-0.00208768055659148,7,6,15,"day",1,0.001784031,101,3
"439",7,20,7,-0.0006959014755441,7,7,15,"day",1,0.003230392,101,3
"440",8,21,7,0.00130142338986773,7,8,15,"day",1,0.005304912,101,3
"441",9,22,7,-0.00103847990185525,7,9,15,"day",1,0.002875997,101,3
"442",10,23,7,0.00292759985727125,7,10,15,"day",1,0.007014553,101,3
"443",11,24,7,0.000569927715371665,7,11,15,"day",1,0.004550546,101,3
"444",12,25,7,-0.000911066989986803,7,12,15,"day",1,0.003017569,101,3
"445",13,26,7,-0.0152036527635454,7,13,15,"night",1,-0.011828451,101,3
"446",14,27,7,-0.0117778330551733,7,14,15,"night",1,-0.008272373,101,3
"447",15,28,7,-0.0250174256336476,7,15,15,"night",1,-0.022031939,101,3
"448",16,29,7,-0.0235412539512526,7,16,15,"night",1,-0.020514976,101,3
"449",17,30,7,-0.0226445264000023,7,17,15,"night",1,-0.019579836,101,3
"450",18,31,7,-0.021939511893871,7,18,15,"night",1,-0.018849022,101,3
"451",19,32,7,-0.0218232063226347,7,19,15,"night",1,-0.018726528,101,3
"452",20,33,7,-0.0206218028448223,7,20,15,"night",1,-0.017478113,101,3
"453",21,34,7,-0.0215096012120872,7,21,15,"night",1,-0.018403051,101,3
"454",22,35,7,-0.0213825437191648,7,22,15,"night",1,-0.018269118,101,3
"455",23,36,7,-0.0206655654909969,7,23,15,"night",1,-0.017526355,101,3
"456",24,37,7,-0.0209860141484208,7,24,15,"night",1,-0.017853363,101,3
"457",25,38,7,0.00418476718398751,7,25,15,"day",2,0.008319548,101,3
"458",26,39,7,-0.00176092905703175,7,26,15,"day",2,0.002111686,101,3
"459",27,40,7,0.00162397164457027,7,27,15,"day",2,0.005645993,101,3
"460",28,41,7,-0.000851362034916464,7,28,15,"day",2,0.003065836,101,3
"461",29,42,7,0.00362119105826847,7,29,15,"day",2,0.007729942,101,3
"462",30,43,7,-0.00103949091424783,7,30,15,"day",2,0.002873672,101,3
"463",31,44,7,0.00268666185356623,7,31,15,"day",2,0.006758737,101,3
"464",32,45,7,0.00100467546252872,7,32,15,"day",2,0.004995306,101,3
"465",33,46,7,0.0031681027107487,7,33,15,"day",2,0.007256349,101,3
"466",34,47,7,0.00429519875142742,7,34,15,"day",2,0.008419634,101,3
"467",35,48,7,-0.000105863425524472,7,35,15,"day",2,0.003849249,101,3
"468",36,49,7,-0.000636012612192509,7,36,15,"day",2,0.003294015,101,3
"469",37,50,7,-0.0224959499521837,7,37,15,"night",2,-0.019427266,101,3
"470",38,51,7,-0.0174294340890506,7,38,15,"night",2,-0.014150326,101,3
"471",39,52,7,-0.0164956097187502,7,39,15,"night",2,-0.013174197,101,3
"472",40,53,7,-0.0172048236455977,7,40,15,"night",2,-0.013921227,101,3
"473",41,54,7,-0.0163981823275125,7,41,15,"night",2,-0.013074215,101,3
"474",42,55,7,-0.0154175381159787,7,42,15,"night",2,-0.012060515,101,3
"475",43,56,7,-0.0160509104672715,7,43,15,"night",2,-0.012719862,101,3
"476",44,57,7,-0.0160815657882385,7,44,15,"night",2,-0.012755543,101,3
"477",45,58,7,-0.0157599923810696,7,45,15,"night",2,-0.012416392,101,3
"478",46,59,7,-0.0157242901398569,7,46,15,"night",2,-0.012384633,101,3
"479",47,60,7,-0.0160999426562602,7,47,15,"night",2,-0.012772693,101,3
"480",48,61,7,-0.0154440195721821,7,48,15,"night",2,-0.012088731,101,3
"481",49,62,7,0.00237164006329139,7,49,15,"day",3,0.006426905,101,3
"482",50,63,7,-0.000388303267969968,7,50,15,"day",3,0.003553448,101,3
"483",51,64,7,-0.00118242979708967,7,51,15,"day",3,0.002706189,101,3
"484",52,65,7,0.00307918314895943,7,52,15,"day",3,0.007158334,101,3
"485",53,66,7,-0.0025573506463748,7,53,15,"day",3,0.001290746,101,3
"486",54,67,7,-0.000431726141281,7,54,15,"day",3,0.003509142,101,3
"487",55,68,7,-0.00182360561630746,7,55,15,"day",3,0.002053894,101,3
"488",56,69,7,-0.000756421938943133,7,56,15,"day",3,0.003167928,101,3
"489",57,70,7,-0.00211616057873833,7,57,15,"day",3,0.001750163,101,3
"490",58,71,7,-0.00150200764006176,7,58,15,"day",3,0.00239635,101,3
"491",59,72,7,-0.00188875423596199,7,59,15,"day",3,0.001989307,101,3
"492",60,73,7,0.000341204634529151,7,60,15,"day",3,0.004320005,101,3
"493",61,74,7,-0.0483510704084157,7,61,15,"night",3,-0.046361526,101,3
"494",62,75,7,-0.0446997322698432,7,62,15,"night",3,-0.042550949,101,3
"495",63,76,7,-0.0430944372565982,7,63,15,"night",3,-0.040876867,101,3
"496",64,77,7,-0.0386984947819286,7,64,15,"night",3,-0.036264876,101,3
"497",65,78,7,-0.0160366280000105,7,65,15,"night",3,-0.012709079,101,3
"498",66,79,7,-0.0169406024833233,7,66,15,"night",3,-0.01364579,101,3
"499",67,80,7,-0.0169980594603353,7,67,15,"night",3,-0.013709578,101,3
"500",68,81,7,-0.018011513423361,7,68,15,"night",3,-0.014761826,101,3
"501",69,82,7,-0.0178534143301198,7,69,15,"night",3,-0.014597891,101,3
"502",70,83,7,-0.0175160206370465,7,70,15,"night",3,-0.014247739,101,3
"503",71,84,7,-0.0163379500316352,7,71,15,"night",3,-0.013016892,101,3
"504",72,85,7,-0.0169811319828377,7,72,15,"night",3,-0.013690857,101,3
"505",1,14,8,0.00959395715158464,8,1,0,"day",1,0.011656218,101,3
"506",2,15,8,0.013443518169315,8,2,0,"day",1,0.015650636,101,3
"507",3,16,8,0.00575128400326469,8,3,0,"day",1,0.007647885,101,3
"508",4,17,8,0.00284499303475042,8,4,0,"day",1,0.004610592,101,3
"509",5,18,8,0.00979283173462826,8,5,0,"day",1,0.011859987,101,3
"510",6,19,8,0.0068574803286,8,6,0,"day",1,0.008789341,101,3
"511",7,20,8,0.00817367672199626,8,7,0,"day",1,0.010165377,101,3
"512",8,21,8,0.00944746098375285,8,8,0,"day",1,0.011486131,101,3
"513",9,22,8,0.00706720543530978,8,9,0,"day",1,0.009016219,101,3
"514",10,23,8,0.0081218208938914,8,10,0,"day",1,0.010115215,101,3
"515",11,24,8,0.00172087079094574,8,11,0,"day",1,0.003445547,101,3
"516",12,25,8,0.00142708331492503,8,12,0,"day",1,0.003146598,101,3
"517",13,26,8,-0.0171352367186315,8,13,0,"night",1,-0.016153363,101,3
"518",14,27,8,-0.0133868983439127,8,14,0,"night",1,-0.012253673,101,3
"519",15,28,8,-0.00667444665720364,8,15,0,"night",1,-0.005257867,101,3
"520",16,29,8,-0.00586021021976683,8,16,0,"night",1,-0.004425293,101,3
"521",17,30,8,-0.00559191141287815,8,17,0,"night",1,-0.004146239,101,3
"522",18,31,8,-0.00470968329439701,8,18,0,"night",1,-0.00323158,101,3
"523",19,32,8,-0.00545876501269069,8,19,0,"night",1,-0.004009058,101,3
"524",20,33,8,-0.004217536437597,8,20,0,"night",1,-0.002715247,101,3
"525",21,34,8,-0.00496599188908981,8,21,0,"night",1,-0.003498206,101,3
"526",22,35,8,-0.00425897727264213,8,22,0,"night",1,-0.002758159,101,3
"527",23,36,8,-0.00399256978828241,8,23,0,"night",1,-0.00248575,101,3
"528",24,37,8,-0.00474271619370588,8,24,0,"night",1,-0.003262708,101,3
"529",25,38,8,0.00466896515235497,8,25,0,"day",2,0.006513806,101,3
"530",26,39,8,-0.000850262650077152,8,26,0,"day",2,0.000764347,101,3
"531",27,40,8,0.000890661259008271,8,27,0,"day",2,0.002582765,101,3
"532",28,41,8,-1.93458953613695e-05,8,28,0,"day",2,0.001629843,101,3
"533",29,42,8,0.00134390772516056,8,29,0,"day",2,0.00305213,101,3
"534",30,43,8,-0.000633177890484146,8,30,0,"day",2,0.000994987,101,3
"535",31,44,8,0.00181436071514757,8,31,0,"day",2,0.00354718,101,3
"536",32,45,8,0.000155987398751508,8,32,0,"day",2,0.001813902,101,3
"537",33,46,8,0.00147027094265535,8,33,0,"day",2,0.003184767,101,3
"538",34,47,8,0.00398839978923262,8,34,0,"day",2,0.005802997,101,3
"539",35,48,8,0.00137655580992863,8,35,0,"day",2,0.003086834,101,3
"540",36,49,8,0.00115029376281401,8,36,0,"day",2,0.002849163,101,3
"541",37,50,8,-0.0082680440706367,8,37,0,"night",2,-0.006930664,101,3
"542",38,51,8,-0.00655663397880847,8,38,0,"night",2,-0.005151731,101,3
"543",39,52,8,-0.00598186475331476,8,39,0,"night",2,-0.004548495,101,3
"544",40,53,8,-0.00593653193083159,8,40,0,"night",2,-0.004505801,101,3
"545",41,54,8,-0.00585744180847397,8,41,0,"night",2,-0.00442064,101,3
"546",42,55,8,-0.00490017075353435,8,42,0,"night",2,-0.003426507,101,3
"547",43,56,8,-0.0058714771405829,8,43,0,"night",2,-0.004436697,101,3
"548",44,57,8,-0.00528925252194744,8,44,0,"night",2,-0.003833176,101,3
"549",45,58,8,-0.00560394114711985,8,45,0,"night",2,-0.004159021,101,3
"550",46,59,8,-0.0047731421850292,8,46,0,"night",2,-0.003299032,101,3
"551",47,60,8,-0.00542419956871426,8,47,0,"night",2,-0.003974003,101,3
"552",48,61,8,-0.00444724618481107,8,48,0,"night",2,-0.00295696,101,3
"553",49,62,8,0.00401046377387323,8,49,0,"day",3,0.005828027,101,3
"554",50,63,8,0.00107491125492481,8,50,0,"day",3,0.002774406,101,3
"555",51,64,8,-0.0003777967795417,8,51,0,"day",3,0.001258248,101,3
"556",52,65,8,-0.000398177443202172,8,52,0,"day",3,0.00123781,101,3
"557",53,66,8,0.00019386481349812,8,53,0,"day",3,0.001854622,101,3
"558",54,67,8,0.00153216090440243,8,54,0,"day",3,0.003249249,101,3
"559",55,68,8,0.000674745785695332,8,55,0,"day",3,0.00235326,101,3
"560",56,69,8,0.00121828818763398,8,56,0,"day",3,0.002921936,101,3
"561",57,70,8,0.000173139674638097,8,57,0,"day",3,0.001831827,101,3
"562",58,71,8,0.009450627023602,8,58,0,"day",3,0.011476407,101,3
"563",59,72,8,0.00745238759792965,8,59,0,"day",3,0.009402412,101,3
"564",60,73,8,0.00865135146094918,8,60,0,"day",3,0.010658605,101,3
"565",61,74,8,-0.0246010459477775,8,61,0,"night",3,-0.023940437,101,3
"566",62,75,8,-0.0179358750913181,8,62,0,"night",3,-0.016994095,101,3
"567",63,76,8,-0.0201992254943646,8,63,0,"night",3,-0.019352983,101,3
"568",64,77,8,-0.0220032268508834,8,64,0,"night",3,-0.02123845,101,3
"569",65,78,8,-0.0202321840052443,8,65,0,"night",3,-0.01939118,101,3
"570",66,79,8,-0.0188937764557499,8,66,0,"night",3,-0.017991383,101,3
"571",67,80,8,-0.0175748500201371,8,67,0,"night",3,-0.016622393,101,3
"572",68,81,8,-0.0192383416311638,8,68,0,"night",3,-0.018352261,101,3
"573",69,82,8,-0.0182277316643863,8,69,0,"night",3,-0.017301526,101,3
"574",70,83,8,-0.018661401991532,8,70,0,"night",3,-0.017752402,101,3
"575",71,84,8,-0.0189499900709991,8,71,0,"night",3,-0.018052613,101,3
"576",72,85,8,-0.0186800336003518,8,72,0,"night",3,-0.0177702,101,3
